Cycle,GRF
0,-0.159
0,-0.312
0,-0.447
0,-0.532
0,-0.536
0,-0.436
0,-0.221
0,0.100
0,0.493
0,0.901
0,1.249
0,1.450
0,1.422
0,1.106
0,0.480
0,-0.420
0,-1.493
0,-2.578
0,-3.463
0,-3.913
0,-3.716
0,-2.724
0,-0.906
0,1.611
0,4.526
0,7.367
0,9.538
0,10.397
0,9.376
0,6.112
0,0.582
0,-6.779
0,-15.020
0,-22.683
0,-27.909
0,-28.623
0,-22.810
0,-8.822
0,14.323
1,46.698
1,87.356
1,134.373
1,185.068
1,236.361
1,285.218
1,329.083
1,366.218
1,395.891
1,418.371
1,434.768
1,446.758
1,456.249
1,465.059
1,474.663
1,486.026
1,499.558
1,515.157
1,532.335
1,550.370
1,568.478
1,585.936
1,602.182
1,616.856
1,629.801
1,641.033
1,650.693
1,658.986
1,666.133
1,672.326
1,677.703
1,682.336
1,686.231
1,689.347
1,691.609
1,692.926
1,693.212
1,692.397
1,690.437
1,687.316
1,683.050
1,677.687
1,671.302
1,663.996
1,655.894
1,647.132
1,637.857
1,628.216
1,618.347
1,608.373
1,598.399
1,588.505
1,578.752
1,569.185
1,559.832
1,550.714
1,541.846
1,533.238
1,524.898
1,516.830
1,509.032
1,501.496
1,494.200
1,487.116
1,480.205
1,473.422
1,466.719
1,460.052
1,453.383
1,446.688
1,439.963
1,433.220
1,426.489
1,419.818
1,413.265
1,406.895
1,400.777
1,394.978
1,389.560
1,384.580
1,380.084
1,376.115
1,372.706
1,369.883
1,367.667
1,366.072
1,365.109
1,364.782
1,365.094
1,366.043
1,367.625
1,369.832
1,372.653
1,376.076
1,380.083
1,384.657
1,389.779
1,395.434
1,401.609
1,408.294
1,415.483
1,423.170
1,431.347
1,439.999
1,449.104
1,458.632
1,468.546
1,478.805
1,489.366
1,500.189
1,511.241
1,522.493
1,533.922
1,545.510
1,557.237
1,569.082
1,581.013
1,592.991
1,604.968
1,616.882
1,628.665
1,640.237
1,651.515
1,662.411
1,672.839
1,682.711
1,691.947
1,700.473
1,708.223
1,715.141
1,721.184
1,726.317
1,730.519
1,733.778
1,736.090
1,737.456
1,737.879
1,737.361
1,735.899
1,733.487
1,730.111
1,725.758
1,720.415
1,714.070
1,706.717
1,698.358
1,688.995
1,678.638
1,667.290
1,654.953
1,641.616
1,627.252
1,611.812
1,595.225
1,577.394
1,558.197
1,537.494
1,515.139
1,490.996
1,464.962
1,437.000
1,407.166
1,375.639
1,342.735
1,308.919
1,274.785
1,241.029
1,208.398
1,177.627
1,149.374
1,124.154
1,102.294
1,83.906
1,68.880
1,56.911
1,47.545
1,40.239
1,34.429
0,29.598
0,25.324
0,21.316
0,17.421
0,13.614
0,9.969
0,6.616
0,3.698
0,1.335
0,-0.400
0,-1.499
0,-2.014
0,-2.049
0,-1.736
0,-1.220
0,-0.634
0,-0.087
0,0.344
0,0.620
0,0.734
0,0.706
0,0.573
0,0.381
0,0.173
0,-0.016
0,-0.160
0,-0.247
0,-0.277
0,-0.257
0,-0.202
0,-0.128
0,-0.050
0,0.017
0,0.067
0,0.096
0,0.103
0,0.093
0,0.070
0,0.042
0,0.014
0,-0.010
0,-0.027
0,-0.036
0,-0.037
0,-0.032
0,-0.022
0,-0.012
0,-0.001
0,0.006
0,0.011
0,0.012
0,0.010
0,0.006
0,0.001
0,-0.003
0,-0.005
0,-0.006
0,-0.004
0,0.001
0,0.007
0,0.012
0,0.017
0,0.018
0,0.016
0,0.009
0,-0.002
0,-0.017
0,-0.032
0,-0.045
0,-0.053
0,-0.052
0,-0.041
0,-0.018
0,0.016
0,0.056
0,0.097
0,0.130
0,0.147
0,0.139
0,0.102
0,0.034
0,-0.060
0,-0.170
0,-0.278
0,-0.361
0,-0.398
0,-0.365
0,-0.252
0,-0.056
0,0.208
0,0.506
0,0.790
0,0.999
0,1.071
0,0.952
0,0.611
0,0.052
0,-0.676
0,-1.479
0,-2.219
0,-2.730
0,-2.845
0,-2.429
0,-1.411
0,0.178
0,2.183
0,4.321
0,6.198
0,7.354
0,7.338
0,5.798
0,2.583
0,-2.156
0,-7.908
0,-13.767
0,-18.479
0,-20.536
0,-18.353
0,-10.472
0,4.199
0,26.186
2,55.299
2,90.585
2,130.394
2,172.566
2,214.698
2,254.455
2,289.862
2,319.531
2,342.794
2,359.718
2,371.028
2,377.949
2,382.007
2,384.817
2,387.891
2,392.479
2,399.470
2,409.345
2,422.190
2,437.746
2,455.498
2,474.772
2,494.831
2,514.960
2,534.529
2,553.035
2,570.116
2,585.557
2,599.277
2,611.304
2,621.752
2,630.792
2,638.621
2,645.439
2,651.427
2,656.727
2,661.435
2,665.596
2,669.202
2,672.206
2,674.528
2,676.069
2,676.731
2,676.423
2,675.079
2,672.666
2,669.183
2,664.665
2,659.178
2,652.808
2,645.656
2,637.825
2,629.412
2,620.506
2,611.184
2,601.507
2,591.526
2,581.286
2,570.832
2,560.213
2,549.490
2,538.735
2,528.035
2,517.481
2,507.169
2,497.184
2,487.598
2,478.467
2,469.822
2,461.679
2,454.039
2,446.896
2,440.243
2,434.075
2,428.396
2,423.217
2,418.551
2,414.418
2,410.833
2,407.812
2,405.364
2,403.495
2,402.205
2,401.496
2,401.363
2,401.803
2,402.809
2,404.371
2,406.473
2,409.090
2,412.189
2,415.730
2,419.665
2,423.945
2,428.519
2,433.345
2,438.387
2,443.618
2,449.022
2,454.589
2,460.312
2,466.187
2,472.209
2,478.372
2,484.671
2,491.095
2,497.634
2,504.276
2,511.010
2,517.822
2,524.702
2,531.641
2,538.630
2,545.659
2,552.714
2,559.775
2,566.814
2,573.793
2,580.667
2,587.380
2,593.874
2,600.091
2,605.971
2,611.458
2,616.500
2,621.049
2,625.059
2,628.485
2,631.288
2,633.425
2,634.856
2,635.544
2,635.452
2,634.550
2,632.813
2,630.228
2,626.793
2,622.519
2,617.432
2,611.571
2,604.977
2,597.696
2,589.761
2,581.183
2,571.942
2,561.977
2,551.172
2,539.360
2,526.317
2,511.779
2,495.456
2,477.063
2,456.357
2,433.175
2,407.479
2,379.386
2,349.192
2,317.376
2,284.576
2,251.552
2,219.125
2,188.109
2,159.231
2,133.075
2,110.023
2,90.239
2,73.666
2,60.062
2,49.046
2,40.159
2,32.931
0,26.932
0,21.810
0,17.316
0,13.305
0,9.719
0,6.568
0,3.893
0,1.742
0,0.142
0,-0.916
0,-1.477
0,-1.623
0,-1.459
0,-1.100
0,-0.654
0,-0.213
0,0.155
0,0.410
0,0.540
0,0.554
0,0.478
0,0.344
0,0.186
0,0.034
0,-0.088
0,-0.170
0,-0.207
0,-0.204
0,-0.170
0,-0.117
0,-0.058
0,-0.003
0,0.040
0,0.068
0,0.079
0,0.075
0,0.061
0,0.040
0,0.018
0,-0.002
0,-0.017
0,-0.027
0,-0.030
0,-0.028
0,-0.022
0,-0.014
0,-0.005
0,0.003
0,0.009
0,0.012
0,0.014
0,0.012
0,0.009
0,0.005
0,0.000
0,-0.004
0,-0.008
0,-0.011
0,-0.011
0,-0.010
0,-0.007
0,-0.002
0,0.004
0,0.010
0,0.016
0,0.020
0,0.021
0,0.018
0,0.011
0,0.000
0,-0.014
0,-0.029
0,-0.042
0,-0.051
0,-0.053
0,-0.044
0,-0.024
0,0.006
0,0.043
0,0.083
0,0.118
0,0.139
0,0.139
0,0.111
0,0.054
0,-0.031
0,-0.133
0,-0.239
0,-0.328
0,-0.378
0,-0.367
0,-0.281
0,-0.114
0,0.123
0,0.404
0,0.686
0,0.913
0,1.025
0,0.967
0,0.701
0,0.221
0,-0.441
0,-1.204
0,-1.946
0,-2.516
0,-2.749
0,-2.503
0,-1.690
0,-0.310
0,1.526
0,3.580
0,5.500
0,6.858
0,7.209
0,6.180
0,3.560
0,-0.597
0,-5.906
0,-11.612
0,-16.607
0,-19.517
0,-18.847
0,-13.177
0,-1.380
0,17.165
3,42.415
3,73.598
3,109.255
3,147.401
3,185.791
3,222.226
3,254.864
3,282.459
3,304.489
3,321.172
3,333.345
3,342.281
3,349.450
3,356.287
3,363.996
3,373.418
3,384.972
3,398.671
3,414.192
3,430.983
3,448.391
3,465.762
3,482.532
3,498.273
3,512.709
3,525.703
3,537.227
3,547.334
3,556.123
3,563.714
3,570.235
3,575.815
3,580.577
3,584.646
3,588.138
3,591.166
3,593.828
3,596.204
3,598.345
3,600.269
3,601.955
3,603.344
3,604.347
3,604.856
3,604.757
3,603.948
3,602.353
3,599.932
3,596.687
3,592.663
3,587.941
3,582.633
3,576.866
3,570.774
3,564.486
3,558.116
3,551.759
3,545.487
3,539.348
3,533.366
3,527.551
3,521.894
3,516.383
3,511.000
3,505.728
3,500.557
3,495.481
3,490.504
3,485.640
3,480.913
3,476.359
3,472.022
3,467.956
3,464.216
3,460.855
3,457.922
3,455.451
3,453.463
3,451.963
3,450.940
3,450.370
3,450.217
3,450.440
3,450.995
3,451.838
3,452.931
3,454.245
3,455.761
3,457.468
3,459.366
3,461.458
3,463.752
3,466.252
3,468.959
3,471.869
3,474.972
3,478.252
3,481.689
3,485.262
3,488.951
3,492.741
3,496.623
3,500.596
3,504.665
3,508.843
3,513.144
3,517.585
3,522.181
3,526.940
3,531.865
3,536.949
3,542.177
3,547.527
3,552.969
3,558.469
3,563.989
3,569.489
3,574.929
3,580.271
3,585.477
3,590.510
3,595.337
3,599.925
3,604.242
3,608.255
3,611.931
3,615.230
3,618.108
3,620.513
3,622.383
3,623.653
3,624.249
3,624.100
3,623.140
3,621.317
3,618.594
3,614.958
3,610.417
3,604.998
3,598.738
3,591.675
3,583.832
3,575.205
3,565.746
3,555.350
3,543.848
3,531.008
3,516.549
3,500.160
3,481.533
3,460.405
3,436.599
3,410.070
3,380.936
3,349.505
3,316.276
3,281.926
3,247.268
3,213.198
3,180.621
3,150.376
3,123.162
3,99.471
3,79.557
3,63.412
3,50.784
3,41.225
3,34.146
0,28.901
0,24.862
0,21.495
0,18.399
0,15.338
0,12.231
0,9.125
0,6.149
0,3.466
0,1.225
0,-0.467
0,-1.569
0,-2.107
0,-2.165
0,-1.864
0,-1.343
0,-0.737
0,-0.160
0,0.305
0,0.615
0,0.756
0,0.747
0,0.623
0,0.430
0,0.214
0,0.013
0,-0.145
0,-0.245
0,-0.285
0,-0.272
0,-0.220
0,-0.145
0,-0.065
0,0.007
0,0.063
0,0.096
0,0.107
0,0.099
0,0.078
0,0.049
0,0.019
0,-0.007
0,-0.027
0,-0.038
0,-0.040
0,-0.035
0,-0.026
0,-0.014
0,-0.003
0,0.007
0,0.013
0,0.016
0,0.015
0,0.011
0,0.005
0,-0.001
0,-0.007
0,-0.011
0,-0.012
0,-0.011
0,-0.006
0,0.001
0,0.009
0,0.017
0,0.023
0,0.025
0,0.023
0,0.015
0,0.001
0,-0.016
0,-0.035
0,-0.052
0,-0.063
0,-0.065
0,-0.055
0,-0.030
0,0.007
0,0.054
0,0.104
0,0.147
0,0.173
0,0.173
0,0.138
0,0.066
0,-0.040
0,-0.168
0,-0.300
0,-0.411
0,-0.473
0,-0.458
0,-0.349
0,-0.139
0,0.158
0,0.510
0,0.862
0,1.144
0,1.282
0,1.206
0,0.870
0,0.266
0,-0.563
0,-1.518
0,-2.445
0,-3.153
0,-3.437
0,-3.121
0,-2.095
0,-0.359
0,1.945
0,4.517
0,6.917
0,8.609
0,9.037
0,7.734
0,4.439
0,-0.783
0,-7.452
0,-14.629
0,-20.946
0,-24.708
0,-24.081
0,-17.339
0,-3.136
0,19.230
4,49.626
4,87.008
4,129.490
4,174.556
4,219.400
4,261.329
4,298.141
4,328.426
4,351.712
4,368.463
4,379.913
4,387.809
4,394.094
4,400.602
4,408.803
4,419.638
4,433.466
4,450.092
4,468.897
4,488.993
4,509.405
4,529.223
4,547.718
4,564.397
4,579.022
4,591.571
4,602.188
4,611.118
4,618.646
4,625.048
4,630.555
4,635.343
4,639.521
4,643.146
4,646.226
4,648.744
4,650.661
4,651.934
4,652.523
4,652.394
4,651.528
4,649.920
4,647.586
4,644.554
4,640.871
4,636.596
4,631.795
4,626.543
4,620.914
4,614.980
4,608.807
4,602.455
4,595.973
4,589.398
4,582.757
4,576.071
4,569.350
4,562.605
4,555.842
4,549.074
4,542.314
4,535.582
4,528.901
4,522.302
4,515.813
4,509.465
4,503.287
4,497.301
4,491.527
4,485.973
4,480.640
4,475.522
4,470.604
4,465.866
4,461.289
4,456.855
4,452.556
4,448.394
4,444.384
4,440.556
4,436.947
4,433.604
4,430.573
4,427.897
4,425.609
4,423.735
4,422.284
4,421.256
4,420.638
4,420.411
4,420.549
4,421.026
4,421.821
4,422.915
4,424.298
4,425.968
4,427.929
4,430.194
4,432.777
4,435.696
4,438.966
4,442.603
4,446.618
4,451.021
4,455.820
4,461.022
4,466.630
4,472.650
4,479.082
4,485.923
4,493.160
4,500.772
4,508.723
4,516.965
4,525.437
4,534.071
4,542.793
4,551.528
4,560.207
4,568.764
4,577.144
4,585.297
4,593.180
4,600.751
4,607.969
4,614.791
4,621.173
4,627.065
4,632.414
4,637.163
4,641.252
4,644.620
4,647.204
4,648.946
4,649.793
4,649.705
4,648.652
4,646.622
4,643.619
4,639.665
4,634.800
4,629.073
4,622.544
4,615.271
4,607.304
4,598.676
4,589.394
4,579.429
4,568.709
4,557.115
4,544.480
4,530.597
4,515.223
4,498.104
4,478.993
4,457.686
4,434.051
4,408.064
4,379.836
4,349.632
4,317.880
4,285.154
4,252.148
4,219.630
4,188.385
4,159.148
4,132.540
4,109.017
4,88.830
4,72.012
4,58.391
4,47.621
4,39.243
4,32.738
0,27.599
0,23.376
0,19.720
0,16.393
0,13.269
0,10.315
0,7.567
0,5.096
0,2.981
0,1.287
0,0.044
0,-0.754
0,-1.152
0,-1.223
0,-1.058
0,-0.753
0,-0.397
0,-0.060
0,0.208
0,0.381
0,0.453
0,0.437
0,0.355
0,0.236
0,0.107
0,-0.010
0,-0.100
0,-0.154
0,-0.173
0,-0.160
0,-0.126
0,-0.080
0,-0.031
0,0.011
0,0.042
0,0.060
0,0.065
0,0.059
0,0.045
0,0.027
0,0.009
0,-0.006
0,-0.018
0,-0.024
0,-0.025
0,-0.022
0,-0.016
0,-0.009
0,-0.002
0,0.004
0,0.009
0,0.011
0,0.012
0,0.010
0,0.008
0,0.004
0,-0.000
0,-0.004
0,-0.008
0,-0.010
0,-0.011
0,-0.010
0,-0.008
0,-0.003
0,0.003
0,0.009
0,0.016
0,0.021
0,0.023
0,0.021
0,0.015
0,0.004
0,-0.010
0,-0.027
0,-0.042
0,-0.054
0,-0.059
0,-0.053
0,-0.035
0,-0.005
0,0.034
0,0.078
0,0.119
0,0.148
0,0.157
0,0.136
0,0.083
0,-0.002
0,-0.111
0,-0.229
0,-0.336
0,-0.407
0,-0.418
0,-0.350
0,-0.193
0,0.048
0,0.348
0,0.666
0,0.943
0,1.114
0,1.113
0,0.892
0,0.433
0,-0.244
0,-1.067
0,-1.913
0,-2.622
0,-3.014
0,-2.920
0,-2.220
0,-0.878
0,1.023
0,3.264
0,5.492
0,7.253
0,8.053
0,7.439
0,5.110
0,1.015
0,-4.552
0,-10.900
0,-16.949
0,-21.296
0,-22.362
0,-18.596
0,-8.714
0,8.062
5,31.817
5,61.841
5,96.656
5,134.183
5,172.020
5,207.804
5,239.565
5,266.017
5,286.723
5,302.102
5,313.290
5,321.894
5,329.691
5,338.322
5,349.049
5,362.591
5,379.074
5,398.087
5,418.818
5,440.242
5,461.320
5,481.166
5,499.160
5,514.998
5,528.668
5,540.390
5,550.524
5,559.471
5,567.597
5,575.179
5,582.378
5,589.247
5,595.750
5,601.797
5,607.281
5,612.102
5,616.194
5,619.524
5,622.097
5,623.946
5,625.114
5,625.647
5,625.585
5,624.951
5,623.757
5,622.006
5,619.700
5,616.849
5,613.475
5,609.619
5,605.338
5,600.703
5,595.795
5,590.694
5,585.475
5,580.199
5,574.906
5,569.614
5,564.319
5,559.000
5,553.623
5,548.149
5,542.545
5,536.787
5,530.868
5,524.796
5,518.597
5,512.309
5,505.980
5,499.661
5,493.403
5,487.257
5,481.265
5,475.462
5,469.876
5,464.530
5,459.440
5,454.622
5,450.093
5,445.874
5,441.988
5,438.467
5,435.346
5,432.665
5,430.463
5,428.781
5,427.650
5,427.095
5,427.129
5,427.750
5,428.945
5,430.689
5,432.948
5,435.682
5,438.850
5,442.414
5,446.335
5,450.578
5,455.113
5,459.906
5,464.926
5,470.135
5,475.495
5,480.957
5,486.472
5,491.987
5,497.451
5,502.817
5,508.050
5,513.124
5,518.029
5,522.767
5,527.357
5,531.825
5,536.208
5,540.547
5,544.888
5,549.273
5,553.745
5,558.336
5,563.075
5,567.975
5,573.036
5,578.243
5,583.563
5,588.948
5,594.339
5,599.664
5,604.849
5,609.818
5,614.499
5,618.826
5,622.739
5,626.183
5,629.111
5,631.477
5,633.233
5,634.337
5,634.743
5,634.408
5,633.292
5,631.367
5,628.618
5,625.048
5,620.686
5,615.584
5,609.815
5,603.464
5,596.619
5,589.348
5,581.689
5,573.625
5,565.075
5,555.880
5,545.804
5,534.543
5,521.743
5,507.027
5,490.035
5,470.465
5,448.122
5,422.953
5,395.086
5,364.841
5,332.728
5,299.421
5,265.716
5,232.465
5,200.507
5,170.594
5,143.330
5,119.127
5,98.174
5,80.449
5,65.741
5,53.699
5,43.892
5,35.865
0,29.198
0,23.541
0,18.637
0,14.325
0,10.529
0,7.233
0,4.457
0,2.227
0,0.555
0,-0.574
0,-1.211
0,-1.435
0,-1.346
0,-1.053
0,-0.660
0,-0.258
0,0.089
0,0.338
0,0.474
0,0.503
0,0.445
0,0.331
0,0.190
0,0.051
0,-0.065
0,-0.145
0,-0.185
0,-0.187
0,-0.159
0,-0.113
0,-0.060
0,-0.009
0,0.032
0,0.059
0,0.070
0,0.069
0,0.057
0,0.039
0,0.019
0,-0.000
0,-0.015
0,-0.023
0,-0.027
0,-0.025
0,-0.019
0,-0.012
0,-0.004
0,0.003
0,0.008
0,0.011
0,0.010
0,0.008
0,0.004
0,-0.001
0,-0.005
0,-0.008
0,-0.009
0,-0.008
0,-0.005
0,0.001
0,0.007
0,0.014
0,0.019
0,0.021
0,0.019
0,0.013
0,0.002
0,-0.012
0,-0.028
0,-0.042
0,-0.053
0,-0.055
0,-0.048
0,-0.028
0,0.002
0,0.041
0,0.083
0,0.120
0,0.145
0,0.147
0,0.122
0,0.064
0,-0.022
0,-0.129
0,-0.241
0,-0.338
0,-0.395
0,-0.392
0,-0.309
0,-0.142
0,0.102
0,0.395
0,0.694
0,0.943
0,1.076
0,1.035
0,0.778
0,0.293
0,-0.388
0,-1.187
0,-1.979
0,-2.605
0,-2.895
0,-2.692
0,-1.896
0,-0.496
0,1.403
0,3.566
0,5.631
0,7.154
0,7.663
0,6.749
0,4.165
0,-0.072
0,-5.605
0,-11.694
0,-17.232
0,-20.827
0,-20.948
0,-16.135
0,-5.220
0,12.448
6,36.836
6,67.160
6,101.930
6,139.127
6,176.484
6,211.820
6,243.356
6,269.962
6,291.267
6,307.643
6,320.055
6,329.843
6,338.462
6,347.251
6,357.249
6,369.098
6,383.020
6,398.871
6,416.236
6,434.554
6,453.234
6,471.750
6,489.692
6,506.790
6,522.895
6,537.949
6,551.943
6,564.885
6,576.771
6,587.585
6,597.297
6,605.879
6,613.320
6,619.642
6,624.902
6,629.193
6,632.635
6,635.353
6,637.466
6,639.063
6,640.197
6,640.876
6,641.066
6,640.706
6,639.713
6,638.007
6,635.525
6,632.233
6,628.134
6,623.272
6,617.725
6,611.594
6,604.997
6,598.051
6,590.868
6,583.539
6,576.137
6,568.713
6,561.295
6,553.892
6,546.497
6,539.091
6,531.649
6,524.145
6,516.558
6,508.878
6,501.110
6,493.278
6,485.422
6,477.601
6,469.884
6,462.345
6,455.065
6,448.120
6,441.583
6,435.517
6,429.975
6,425.000
6,420.619
6,416.847
6,413.684
6,411.120
6,409.134
6,407.699
6,406.781
6,406.351
6,406.375
6,406.826
6,407.678
6,408.908
6,410.499
6,412.433
6,414.699
6,417.284
6,420.177
6,423.370
6,426.855
6,430.626
6,434.676
6,438.998
6,443.583
6,448.418
6,453.488
6,458.768
6,464.232
6,469.845
6,475.568
6,481.361
6,487.181
6,492.991
6,498.760
6,504.467
6,510.106
6,515.686
6,521.226
6,526.755
6,532.305
6,537.904
6,543.571
6,549.311
6,555.117
6,560.967
6,566.827
6,572.651
6,578.387
6,583.978
6,589.361
6,594.475
6,599.256
6,603.638
6,607.559
6,610.951
6,613.752
6,615.899
6,617.332
6,617.998
6,617.856
6,616.877
6,615.050
6,612.385
6,608.915
6,604.691
6,599.783
6,594.269
6,588.224
6,581.704
6,574.728
6,567.265
6,559.216
6,550.407
6,540.588
6,529.439
6,516.593
6,501.660
6,484.270
6,464.110
6,440.978
6,414.819
6,385.761
6,354.132
6,320.466
6,285.472
6,250.002
6,214.984
6,181.353
6,149.977
6,121.582
6,96.701
6,75.631
6,58.425
6,44.903
6,34.692
0,27.275
0,22.059
0,18.442
0,15.865
0,13.865
0,12.097
0,10.348
0,8.524
0,6.633
0,4.750
0,2.982
0,1.439
0,0.210
0,-0.657
0,-1.159
0,-1.332
0,-1.242
0,-0.975
0,-0.616
0,-0.245
0,0.078
0,0.314
0,0.446
0,0.478
0,0.428
0,0.323
0,0.191
0,0.059
0,-0.052
0,-0.131
0,-0.172
0,-0.177
0,-0.154
0,-0.112
0,-0.062
0,-0.014
0,0.026
0,0.053
0,0.066
0,0.066
0,0.056
0,0.039
0,0.020
0,0.002
0,-0.012
0,-0.021
0,-0.026
0,-0.025
0,-0.021
0,-0.014
0,-0.006
0,0.001
0,0.006
0,0.010
0,0.012
0,0.012
0,0.009
0,0.006
0,0.002
0,-0.003
0,-0.007
0,-0.010
0,-0.011
0,-0.011
0,-0.009
0,-0.005
0,0.001
0,0.008
0,0.014
0,0.019
0,0.022
0,0.021
0,0.016
0,0.007
0,-0.007
0,-0.022
0,-0.038
0,-0.051
0,-0.057
0,-0.054
0,-0.039
0,-0.012
0,0.025
0,0.067
0,0.108
0,0.140
0,0.153
0,0.140
0,0.095
0,0.018
0,-0.084
0,-0.198
0,-0.307
0,-0.386
0,-0.411
0,-0.363
0,-0.228
0,-0.010
0,0.272
0,0.582
0,0.867
0,1.061
0,1.101
0,0.936
0,0.539
0,-0.079
0,-0.858
0,-1.689
0,-2.423
0,-2.887
0,-2.911
0,-2.363
0,-1.189
0,0.558
0,2.692
0,4.897
0,6.749
0,7.765
0,7.490
0,5.586
0,1.946
0,-3.223
0,-9.329
0,-15.391
0,-20.088
0,-21.887
0,-19.224
0,-10.734
0,4.518
0,26.834
7,55.766
7,90.105
7,128.006
7,167.224
7,205.430
7,240.544
7,271.014
7,295.996
7,315.395
7,329.788
7,340.249
7,348.118
7,354.771
7,361.418
7,368.964
7,377.948
7,388.545
7,400.634
7,413.892
7,427.898
7,442.229
7,456.523
7,470.513
7,484.029
7,496.981
7,509.329
7,521.058
7,532.156
7,542.601
7,552.362
7,561.401
7,569.685
7,577.198
7,583.946
7,589.962
7,595.304
7,600.051
7,604.295
7,608.125
7,611.617
7,614.821
7,617.755
7,620.397
7,622.689
7,624.546
7,625.862
7,626.531
7,626.458
7,625.573
7,623.839
7,621.259
7,617.870
7,613.741
7,608.960
7,603.626
7,597.839
7,591.694
7,585.273
7,578.646
7,571.871
7,564.994
7,558.055
7,551.087
7,544.123
7,537.193
7,530.328
7,523.555
7,516.899
7,510.383
7,504.025
7,497.842
7,491.853
7,486.077
7,480.541
7,475.273
7,470.309
7,465.689
7,461.457
7,457.654
7,454.322
7,451.494
7,449.197
7,447.445
7,446.238
7,445.562
7,445.387
7,445.667
7,446.346
7,447.357
7,448.631
7,450.102
7,451.709
7,453.407
7,455.165
7,456.970
7,458.824
7,460.744
7,462.754
7,464.886
7,467.171
7,469.634
7,472.297
7,475.173
7,478.267
7,481.575
7,485.090
7,488.799
7,492.683
7,496.722
7,500.893
7,505.171
7,509.533
7,513.960
7,518.435
7,522.950
7,527.501
7,532.090
7,536.722
7,541.397
7,546.112
7,550.849
7,555.580
7,560.257
7,564.822
7,569.204
7,573.326
7,577.105
7,580.462
7,583.317
7,585.597
7,587.232
7,588.161
7,588.328
7,587.694
7,586.231
7,583.934
7,580.817
7,576.920
7,572.299
7,567.025
7,561.169
7,554.789
7,547.911
7,540.512
7,532.505
7,523.726
7,513.935
7,502.823
7,490.033
7,475.192
7,457.951
7,438.027
7,415.254
7,389.617
7,361.280
7,330.605
7,298.139
7,264.590
7,230.781
7,197.591
7,165.880
7,136.425
7,109.852
7,86.592
7,66.854
7,50.630
7,37.714
0,27.748
0,20.276
0,14.803
0,10.848
0,7.985
0,5.870
0,4.251
0,2.961
0,1.906
0,1.043
0,0.358
0,-0.151
0,-0.485
0,-0.657
0,-0.688
0,-0.612
0,-0.466
0,-0.287
0,-0.110
0,0.041
0,0.150
0,0.209
0,0.223
0,0.199
0,0.150
0,0.089
0,0.028
0,-0.023
0,-0.059
0,-0.078
0,-0.080
0,-0.070
0,-0.051
0,-0.028
0,-0.006
0,0.012
0,0.024
0,0.030
0,0.030
0,0.025
0,0.018
0,0.009
0,0.001
0,-0.005
0,-0.009
0,-0.012
0,-0.011
0,-0.010
0,-0.007
0,-0.004
0,-0.001
0,0.002
0,0.004
0,0.005
0,0.006
0,0.006
0,0.005
0,0.003
0,0.002
0,-0.001
0,-0.003
0,-0.005
0,-0.007
0,-0.008
0,-0.008
0,-0.007
0,-0.004
0,0.000
0,0.005
0,0.011
0,0.016
0,0.020
0,0.021
0,0.018
0,0.010
0,-0.001
0,-0.016
0,-0.031
0,-0.045
0,-0.054
0,-0.054
0,-0.045
0,-0.023
0,0.009
0,0.048
0,0.090
0,0.125
0,0.146
0,0.144
0,0.113
0,0.051
0,-0.039
0,-0.148
0,-0.259
0,-0.350
0,-0.398
0,-0.382
0,-0.285
0,-0.104
0,0.149
0,0.446
0,0.740
0,0.972
0,1.079
0,1.003
0,0.707
0,0.187
0,-0.518
0,-1.323
0,-2.095
0,-2.674
0,-2.887
0,-2.588
0,-1.690
0,-0.198
0,1.759
0,3.923
0,5.918
0,7.290
0,7.575
0,6.386
0,3.518
0,-0.959
0,-6.621
0,-12.660
0,-17.909
0,-20.938
0,-20.209
0,-14.287
0,-2.070
0,16.996
8,42.763
8,74.326
8,110.089
8,147.956
8,185.622
8,220.907
8,252.071
8,278.052
8,298.572
8,314.115
8,325.782
8,335.062
8,343.568
8,352.786
8,363.867
8,377.502
8,393.875
8,412.702
8,433.338
8,454.925
8,476.550
8,497.384
8,516.794
8,534.391
8,550.042
8,563.832
8,575.998
8,586.860
8,596.744
8,605.926
8,614.597
8,622.845
8,630.661
8,637.961
8,644.612
8,650.466
8,655.387
8,659.276
8,662.077
8,663.784
8,664.433
8,664.090
8,662.834
8,660.745
8,657.893
8,654.330
8,650.093
8,645.205
8,639.682
8,633.541
8,626.810
8,619.528
8,611.748
8,603.539
8,594.976
8,586.138
8,577.097
8,567.914
8,558.638
8,549.299
8,539.911
8,530.480
8,521.007
8,511.495
8,501.959
8,492.427
8,482.948
8,473.588
8,464.433
8,455.581
8,447.134
8,439.193
8,431.849
8,425.177
8,419.233
8,414.050
8,409.642
8,406.007
8,403.131
8,400.990
8,399.559
8,398.809
8,398.715
8,399.254
8,400.407
8,402.161
8,404.507
8,407.439
8,410.949
8,415.028
8,419.656
8,424.802
8,430.423
8,436.458
8,442.837
8,449.478
8,456.297
8,463.215
8,470.158
8,477.066
8,483.894
8,490.616
8,497.226
8,503.733
8,510.166
8,516.563
8,522.976
8,529.458
8,536.060
8,542.826
8,549.786
8,556.951
8,564.309
8,571.827
8,579.452
8,587.110
8,594.713
8,602.162
8,609.355
8,616.192
8,622.579
8,628.434
8,633.687
8,638.288
8,642.196
8,645.386
8,647.842
8,649.551
8,650.504
8,650.690
8,650.095
8,648.705
8,646.503
8,643.476
8,639.615
8,634.918
8,629.395
8,623.069
8,615.977
8,608.174
8,599.721
8,590.688
8,581.139
8,571.122
8,560.659
8,549.729
8,538.263
8,526.133
8,513.158
8,499.105
8,483.710
8,466.703
8,447.833
8,426.909
8,403.830
8,378.618
8,351.435
8,322.589
8,292.532
8,261.829
8,231.125
8,201.100
8,172.415
8,145.668
8,121.341
8,99.778
8,81.155
8,65.486
8,52.632
8,42.327
8,34.215
0,27.892
0,22.948
0,19.008
0,15.756
0,12.958
0,10.458
0,8.178
0,6.099
0,4.239
0,2.637
0,1.328
0,0.336
0,-0.339
0,-0.720
0,-0.854
0,-0.798
0,-0.619
0,-0.381
0,-0.138
0,0.070
0,0.218
0,0.297
0,0.310
0,0.272
0,0.199
0,0.111
0,0.026
0,-0.045
0,-0.093
0,-0.115
0,-0.115
0,-0.097
0,-0.068
0,-0.035
0,-0.004
0,0.021
0,0.037
0,0.044
0,0.043
0,0.035
0,0.024
0,0.011
0,-0.001
0,-0.010
0,-0.015
0,-0.018
0,-0.016
0,-0.013
0,-0.008
0,-0.002
0,0.003
0,0.007
0,0.009
0,0.009
0,0.008
0,0.005
0,0.001
0,-0.003
0,-0.007
0,-0.010
0,-0.011
0,-0.010
0,-0.007
0,-0.002
0,0.005
0,0.012
0,0.019
0,0.023
0,0.025
0,0.021
0,0.013
0,-0.000
0,-0.017
0,-0.036
0,-0.052
0,-0.063
0,-0.064
0,-0.053
0,-0.029
0,0.009
0,0.055
0,0.104
0,0.146
0,0.171
0,0.170
0,0.135
0,0.063
0,-0.042
0,-0.169
0,-0.299
0,-0.407
0,-0.465
0,-0.449
0,-0.338
0,-0.130
0,0.164
0,0.511
0,0.856
0,1.131
0,1.261
0,1.180
0,0.842
0,0.242
0,-0.578
0,-1.518
0,-2.425
0,-3.112
0,-3.377
0,-3.048
0,-2.020
0,-0.295
0,1.980
0,4.509
0,6.856
0,8.490
0,8.867
0,7.530
0,4.230
0,-0.960
0,-7.557
0,-14.625
0,-20.808
0,-24.429
0,-23.679
0,-16.856
0,-2.632
0,19.690
9,49.993
9,87.278
9,129.729
9,174.928
9,220.181
9,262.895
9,300.940
9,332.912
9,358.260
9,377.264
9,390.888
9,400.541
9,407.812
9,414.221
9,421.025
9,429.100
9,438.906
9,450.518
9,463.713
9,478.064
9,493.059
9,508.178
9,522.966
9,537.064
9,550.221
9,562.287
9,573.198
9,582.951
9,591.582
9,599.152
9,605.732
9,611.392
9,616.205
9,620.237
9,623.551
9,626.205
9,628.248
9,629.720
9,630.644
9,631.025
9,630.846
9,630.071
9,628.651
9,626.531
9,623.662
9,620.016
9,615.593
9,610.432
9,604.611
9,598.241
9,591.456
9,584.398
9,577.200
9,569.974
9,562.800
9,555.720
9,548.744
9,541.852
9,535.008
9,528.169
9,521.301
9,514.383
9,507.418
9,500.432
9,493.466
9,486.574
9,479.813
9,473.234
9,466.875
9,460.762
9,454.906
9,449.309
9,443.971
9,438.891
9,434.078
9,429.549
9,425.334
9,421.468
9,417.992
9,414.945
9,412.356
9,410.243
9,408.611
9,407.450
9,406.743
9,406.465
9,406.590
9,407.100
9,407.979
9,409.223
9,410.840
9,412.845
9,415.263
9,418.124
9,421.456
9,425.284
9,429.622
9,434.471
9,439.812
9,445.613
9,451.824
9,458.387
9,465.236
9,472.309
9,479.545
9,486.898
9,494.330
9,501.820
9,509.358
9,516.945
9,524.587
9,532.294
9,540.074
9,547.928
9,555.850
9,563.822
9,571.818
9,579.796
9,587.707
9,595.491
9,603.083
9,610.418
9,617.432
9,624.068
9,630.278
9,636.025
9,641.280
9,646.020
9,650.223
9,653.868
9,656.925
9,659.360
9,661.128
9,662.176
9,662.443
9,661.865
9,660.377
9,657.922
9,654.458
9,649.967
9,644.457
9,637.972
9,630.585
9,622.396
9,613.517
9,604.060
9,594.118
9,583.748
9,572.950
9,561.661
9,549.740
9,536.975
9,523.089
9,507.763
9,490.660
9,471.464
9,449.923
9,425.886
9,399.344
9,370.452
9,339.550
9,307.151
9,273.925
9,240.649
9,208.156
9,177.264
9,148.707
9,123.065
9,100.722
9,81.832
9,66.321
9,53.909
9,44.165
9,36.564
9,30.562
0,25.656
0,21.441
0,17.629
0,14.063
0,10.701
0,7.584
0,4.800
0,2.448
0,0.606
0,-0.691
0,-1.456
0,-1.752
0,-1.676
0,-1.345
0,-0.879
0,-0.387
0,0.050
0,0.375
0,0.565
0,0.622
0,0.568
0,0.437
0,0.268
0,0.095
0,-0.055
0,-0.162
0,-0.220
0,-0.232
0,-0.205
0,-0.152
0,-0.088
0,-0.024
0,0.029
0,0.066
0,0.084
0,0.086
0,0.074
0,0.053
0,0.029
0,0.006
0,-0.013
0,-0.026
0,-0.032
0,-0.032
0,-0.027
0,-0.019
0,-0.010
0,-0.002
0,0.005
0,0.010
0,0.012
0,0.012
0,0.011
0,0.009
0,0.006
0,0.003
0,-0.000
0,-0.003
0,-0.005
0,-0.006
0,-0.008
0,-0.008
0,-0.008
0,-0.007
0,-0.005
0,-0.001
0,0.003
0,0.009
0,0.014
0,0.018
0,0.021
0,0.020
0,0.015
0,0.006
0,-0.007
0,-0.022
0,-0.037
0,-0.049
0,-0.055
0,-0.052
0,-0.038
0,-0.012
0,0.023
0,0.065
0,0.105
0,0.136
0,0.150
0,0.137
0,0.094
0,0.020
0,-0.079
0,-0.191
0,-0.298
0,-0.377
0,-0.403
0,-0.358
0,-0.228
0,-0.017
0,0.259
0,0.563
0,0.842
0,1.036
0,1.081
0,0.924
0,0.541
0,-0.059
0,-0.819
0,-1.634
0,-2.358
0,-2.822
0,-2.859
0,-2.338
0,-1.204
0,0.494
0,2.578
0,4.742
0,6.572
0,7.598
0,7.370
0,5.555
0,2.039
0,-2.981
0,-8.938
0,-14.880
0,-19.524
0,-21.374
0,-18.905
0,-10.780
0,3.911
0,25.459
10,53.416
10,86.578
10,123.109
10,160.776
10,197.264
10,230.515
10,259.014
10,281.977
10,299.391
10,311.937
10,320.792
10,327.384
10,333.137
10,339.255
10,346.571
10,355.490
10,366.012
10,377.825
10,390.439
10,403.329
10,416.057
10,428.347
10,440.117
10,451.450
10,462.539
10,473.605
10,484.832
10,496.305
10,507.988
10,519.726
10,531.279
10,542.364
10,552.703
10,562.073
10,570.329
10,577.422
10,583.396
10,588.364
10,592.490
10,595.947
10,598.899
10,601.467
10,603.725
10,605.691
10,607.336
10,608.597
10,609.393
10,609.648
10,609.305
10,608.334
10,606.745
10,604.576
10,601.892
10,598.771
10,595.290
10,591.518
10,587.504
10,583.273
10,578.825
10,574.141
10,569.188
10,563.929
10,558.329
10,552.365
10,546.031
10,539.339
10,532.321
10,525.026
10,517.519
10,509.876
10,502.182
10,494.524
10,486.988
10,479.656
10,472.602
10,465.889
10,459.570
10,453.686
10,448.263
10,443.314
10,438.841
10,434.832
10,431.270
10,428.136
10,425.413
10,423.093
10,421.182
10,419.700
10,418.681
10,418.165
10,418.197
10,418.817
10,420.053
10,421.921
10,424.414
10,427.508
10,431.163
10,435.324
10,439.931
10,444.919
10,450.226
10,455.796
10,461.578
10,467.532
10,473.623
10,479.823
10,486.110
10,492.467
10,498.881
10,505.343
10,511.850
10,518.401
10,525.002
10,531.658
10,538.375
10,545.157
10,552.004
10,558.911
10,565.861
10,572.831
10,579.783
10,586.670
10,593.433
10,600.005
10,606.310
10,612.271
10,617.808
10,622.844
10,627.308
10,631.135
10,634.269
10,636.667
10,638.291
10,639.118
10,639.130
10,638.323
10,636.703
10,634.285
10,631.094
10,627.168
10,622.550
10,617.292
10,611.447
10,605.069
10,598.202
10,590.875
10,583.093
10,574.826
10,566.003
10,556.501
10,546.144
10,534.702
10,521.902
10,507.443
10,491.023
10,472.369
10,451.275
10,427.634
10,401.472
10,372.967
10,342.464
10,310.463
10,277.602
10,244.612
10,212.272
10,181.343
10,152.516
10,126.352
10,103.245
10,83.396
10,66.814
10,53.333
10,42.643
10,34.337
0,27.961
0,23.055
0,19.201
0,16.048
0,13.334
0,10.887
0,8.619
0,6.510
0,4.587
0,2.898
0,1.494
0,0.410
0,-0.343
0,-0.781
0,-0.948
0,-0.902
0,-0.716
0,-0.456
0,-0.185
0,0.051
0,0.224
0,0.321
0,0.345
0,0.309
0,0.233
0,0.137
0,0.041
0,-0.040
0,-0.096
0,-0.125
0,-0.129
0,-0.111
0,-0.081
0,-0.044
0,-0.009
0,0.020
0,0.039
0,0.048
0,0.048
0,0.040
0,0.028
0,0.014
0,0.001
0,-0.010
0,-0.016
0,-0.019
0,-0.018
0,-0.015
0,-0.009
0,-0.003
0,0.002
0,0.006
0,0.009
0,0.010
0,0.008
0,0.006
0,0.002
0,-0.002
0,-0.006
0,-0.009
0,-0.011
0,-0.010
0,-0.008
0,-0.003
0,0.003
0,0.010
0,0.017
0,0.022
0,0.023
0,0.021
0,0.014
0,0.002
0,-0.014
0,-0.031
0,-0.047
0,-0.058
0,-0.061
0,-0.052
0,-0.030
0,0.003
0,0.046
0,0.092
0,0.133
0,0.159
0,0.161
0,0.133
0,0.069
0,-0.026
0,-0.144
0,-0.266
0,-0.372
0,-0.434
0,-0.428
0,-0.336
0,-0.151
0,0.117
0,0.439
0,0.767
0,1.037
0,1.181
0,1.132
0,0.846
0,0.311
0,-0.439
0,-1.316
0,-2.182
0,-2.864
0,-3.173
0,-2.940
0,-2.057
0,-0.512
0,1.576
0,3.945
0,6.198
0,7.845
0,8.369
0,7.325
0,4.448
0,-0.235
0,-6.320
0,-12.977
0,-18.969
0,-22.742
0,-22.587
0,-16.857
0,-4.225
0,16.078
11,44.081
11,78.987
11,119.217
11,162.596
11,206.636
11,248.885
11,287.269
11,320.347
11,347.451
11,368.691
11,384.823
11,397.051
11,406.773
11,415.353
11,423.929
11,433.303
11,443.899
11,455.803
11,468.840
11,482.683
11,496.952
11,511.295
11,525.434
11,539.177
11,552.398
11,565.014
11,576.946
11,588.103
11,598.365
11,607.597
11,615.665
11,622.458
11,627.914
11,632.030
11,634.871
11,636.556
11,637.245
11,637.116
11,636.339
11,635.055
11,633.366
11,631.323
11,628.930
11,626.156
11,622.943
11,619.222
11,614.932
11,610.028
11,604.494
11,598.341
11,591.609
11,584.363
11,576.683
11,568.656
11,560.369
11,551.905
11,543.335
11,534.718
11,526.102
11,517.528
11,509.030
11,500.642
11,492.396
11,484.324
11,476.457
11,468.824
11,461.449
11,454.348
11,447.534
11,441.015
11,434.796
11,428.884
11,423.289
11,418.027
11,413.123
11,408.608
11,404.518
11,400.893
11,397.768
11,395.172
11,393.126
11,391.637
11,390.697
11,390.288
11,390.381
11,390.941
11,391.935
11,393.334
11,395.121
11,397.295
11,399.871
11,402.877
11,406.356
11,410.351
11,414.906
11,420.053
11,425.805
11,432.155
11,439.067
11,446.481
11,454.315
11,462.467
11,470.829
11,479.289
11,487.744
11,496.106
11,504.307
11,512.308
11,520.095
11,527.683
11,535.112
11,542.440
11,549.736
11,557.069
11,564.502
11,572.083
11,579.834
11,587.754
11,595.813
11,603.952
11,612.093
11,620.140
11,627.986
11,635.521
11,642.638
11,649.238
11,655.231
11,660.539
11,665.098
11,668.852
11,671.761
11,673.788
11,674.908
11,675.097
11,674.341
11,672.626
11,669.946
11,666.304
11,661.712
11,656.196
11,649.797
11,642.573
11,634.595
11,625.943
11,616.701
11,606.942
11,596.723
11,586.069
11,574.961
11,563.333
11,551.060
11,537.966
11,523.829
11,508.392
11,491.387
11,472.557
11,451.685
11,428.632
11,403.360
11,375.964
11,346.688
11,315.931
11,284.235
11,252.261
11,220.739
11,190.416
11,161.988
11,136.042
11,113.001
11,93.091
11,76.329
11,62.541
11,51.393
11,42.448
11,35.230
0,29.277
0,24.198
0,19.704
0,15.616
0,11.863
0,8.455
0,5.452
0,2.930
0,0.950
0,-0.461
0,-1.322
0,-1.695
0,-1.678
0,-1.388
0,-0.946
0,-0.461
0,-0.019
0,0.320
0,0.528
0,0.604
0,0.567
0,0.450
0,0.288
0,0.118
0,-0.033
0,-0.144
0,-0.209
0,-0.227
0,-0.205
0,-0.157
0,-0.096
0,-0.033
0,0.021
0,0.060
0,0.081
0,0.085
0,0.075
0,0.056
0,0.032
0,0.009
0,-0.010
0,-0.024
0,-0.031
0,-0.032
0,-0.028
0,-0.020
0,-0.011
0,-0.003
0,0.005
0,0.010
0,0.013
0,0.014
0,0.013
0,0.010
0,0.006
0,0.002
0,-0.003
0,-0.007
0,-0.010
0,-0.012
0,-0.012
0,-0.011
0,-0.008
0,-0.003
0,0.003
0,0.010
0,0.017
0,0.022
0,0.024
0,0.023
0,0.016
0,0.005
0,-0.010
0,-0.027
0,-0.044
0,-0.058
0,-0.063
0,-0.058
0,-0.040
0,-0.009
0,0.033
0,0.080
0,0.125
0,0.158
0,0.169
0,0.150
0,0.096
0,0.008
0,-0.108
0,-0.235
0,-0.352
0,-0.434
0,-0.453
0,-0.389
0,-0.228
0,0.023
0,0.342
0,0.685
0,0.992
0,1.190
0,1.210
0,0.997
0,0.526
0,-0.183
0,-1.059
0,-1.976
0,-2.763
0,-3.228
0,-3.185
0,-2.497
0,-1.116
0,0.882
0,3.274
0,5.694
0,7.660
0,8.639
0,8.134
0,5.799
0,1.550
0,-4.330
0,-11.135
0,-17.725
0,-22.600
0,-24.043
0,-20.333
0,-10.005
0,7.902
12,33.618
12,66.530
12,105.182
12,147.426
12,190.699
12,232.383
12,270.174
12,302.392
12,328.179
12,347.540
12,361.248
12,370.643
12,377.366
12,383.085
12,389.257
12,396.954
12,406.783
12,418.890
12,433.034
12,448.715
12,465.312
12,482.216
12,498.920
12,515.066
12,530.455
12,545.012
12,558.740
12,571.671
12,583.823
12,595.178
12,605.676
12,615.223
12,623.711
12,631.041
12,637.143
12,641.990
12,645.601
12,648.040
12,649.403
12,649.806
12,649.365
12,648.182
12,646.334
12,643.865
12,640.784
12,637.075
12,632.706
12,627.641
12,621.853
12,615.341
12,608.128
12,600.272
12,591.859
12,582.991
12,573.785
12,564.351
12,554.790
12,545.181
12,535.582
12,526.034
12,516.559
12,507.176
12,497.904
12,488.770
12,479.810
12,471.073
12,462.616
12,454.501
12,446.789
12,439.531
12,432.769
12,426.527
12,420.817
12,415.635
12,410.968
12,406.798
12,403.109
12,399.885
12,397.121
12,394.816
12,392.976
12,391.607
12,390.719
12,390.313
12,390.389
12,390.937
12,391.945
12,393.395
12,395.270
12,397.555
12,400.237
12,403.311
12,406.775
12,410.634
12,414.895
12,419.567
12,424.656
12,430.158
12,436.061
12,442.342
12,448.964
12,455.886
12,463.061
12,470.447
12,478.008
12,485.718
12,493.565
12,501.546
12,509.668
12,517.940
12,526.366
12,534.947
12,543.668
12,552.501
12,561.406
12,570.332
12,579.227
12,588.036
12,596.714
12,605.225
12,613.547
12,621.665
12,629.577
12,637.280
12,644.775
12,652.053
12,659.097
12,665.878
12,672.348
12,678.446
12,684.094
12,689.204
12,693.681
12,697.429
12,700.361
12,702.403
12,703.497
12,703.607
12,702.714
12,700.818
12,697.933
12,694.079
12,689.283
12,683.571
12,676.963
12,669.477
12,661.123
12,651.900
12,641.802
12,630.813
12,618.908
12,606.052
12,592.198
12,577.286
12,561.240
12,543.968
12,525.363
12,505.307
12,483.681
12,460.379
12,435.333
12,408.534
12,380.061
12,350.104
12,318.979
12,287.133
12,255.126
12,223.604
12,193.250
12,164.724
12,138.605
12,115.334
12,95.171
12,78.177
12,64.213
12,52.977
12,44.043
12,36.925
12,31.140
0,26.260
0,21.951
0,17.997
0,14.292
0,10.827
0,7.660
0,4.875
0,2.558
0,0.768
0,-0.478
0,-1.209
0,-1.495
0,-1.435
0,-1.143
0,-0.731
0,-0.298
0,0.080
0,0.357
0,0.514
0,0.552
0,0.495
0,0.372
0,0.219
0,0.066
0,-0.064
0,-0.154
0,-0.201
0,-0.206
0,-0.178
0,-0.129
0,-0.071
0,-0.015
0,0.031
0,0.062
0,0.077
0,0.077
0,0.065
0,0.045
0,0.023
0,0.003
0,-0.014
0,-0.025
0,-0.030
0,-0.029
0,-0.024
0,-0.016
0,-0.008
0,0.000
0,0.007
0,0.011
0,0.013
0,0.013
0,0.011
0,0.007
0,0.003
0,-0.001
0,-0.005
0,-0.009
0,-0.011
0,-0.011
0,-0.010
0,-0.007
0,-0.003
0,0.003
0,0.009
0,0.015
0,0.020
0,0.022
0,0.020
0,0.015
0,0.004
0,-0.010
0,-0.025
0,-0.041
0,-0.052
0,-0.057
0,-0.051
0,-0.034
0,-0.006
0,0.032
0,0.074
0,0.114
0,0.143
0,0.151
0,0.132
0,0.082
0,0.001
0,-0.103
0,-0.217
0,-0.321
0,-0.391
0,-0.404
0,-0.341
0,-0.192
0,0.037
0,0.326
0,0.632
0,0.902
0,1.071
0,1.077
0,0.872
0,0.436
0,-0.211
0,-1.001
0,-1.819
0,-2.510
0,-2.901
0,-2.828
0,-2.173
0,-0.898
0,0.920
0,3.073
0,5.226
0,6.943
0,7.744
0,7.193
0,4.990
0,1.080
0,-4.264
0,-10.380
0,-16.228
0,-20.443
0,-21.481
0,-17.802
0,-8.106
0,8.444
13,32.032
13,62.086
13,97.299
13,135.767
13,175.242
13,213.459
13,248.459
13,278.862
13,304.021
13,324.046
13,339.703
13,352.222
13,363.050
13,373.611
13,385.094
13,398.316
13,413.653
13,431.048
13,450.089
13,470.118
13,490.367
13,510.079
13,528.611
13,545.496
13,560.475
13,573.477
13,584.592
13,594.015
13,601.994
13,608.778
13,614.588
13,619.590
13,623.894
13,627.558
13,630.604
13,633.033
13,634.843
13,636.036
13,636.629
13,636.650
13,636.136
13,635.126
13,633.655
13,631.748
13,629.418
13,626.666
13,623.487
13,619.876
13,615.830
13,611.357
13,606.476
13,601.220
13,595.632
13,589.766
13,583.679
13,577.434
13,571.089
13,564.698
13,558.303
13,551.936
13,545.614
13,539.342
13,533.115
13,526.925
13,520.762
13,514.624
13,508.520
13,502.473
13,496.520
13,490.711
13,485.102
13,479.753
13,474.723
13,470.059
13,465.801
13,461.972
13,458.584
13,455.635
13,453.108
13,450.981
13,449.222
13,447.795
13,446.665
13,445.796
13,445.162
13,444.743
13,444.526
13,444.510
13,444.702
13,445.114
13,445.761
13,446.660
13,447.822
13,449.249
13,450.936
13,452.864
13,455.007
13,457.328
13,459.788
13,462.348
13,464.974
13,467.643
13,470.344
13,473.080
13,475.869
13,478.738
13,481.717
13,484.840
13,488.134
13,491.621
13,495.313
13,499.217
13,503.333
13,507.656
13,512.184
13,516.914
13,521.848
13,526.993
13,532.359
13,537.958
13,543.802
13,549.900
13,556.251
13,562.847
13,569.662
13,576.655
13,583.771
13,590.938
13,598.073
13,605.080
13,611.863
13,618.318
13,624.347
13,629.856
13,634.758
13,638.974
13,642.434
13,645.076
13,646.848
13,647.703
13,647.605
13,646.524
13,644.441
13,641.346
13,637.239
13,632.133
13,626.051
13,619.025
13,611.092
13,602.290
13,592.647
13,582.171
13,570.842
13,558.603
13,545.350
13,530.938
13,515.189
13,497.902
13,478.885
13,457.974
13,435.071
13,410.168
13,383.376
13,354.938
13,325.229
13,294.750
13,264.097
13,233.921
13,204.875
13,177.559
13,152.467
13,129.940
13,110.143
13,93.065
13,78.531
13,66.246
13,55.844
13,46.941
13,39.185
13,32.294
0,26.075
0,20.428
0,15.331
0,10.822
0,6.963
0,3.813
0,1.403
0,-0.277
0,-1.284
0,-1.718
0,-1.709
0,-1.400
0,-0.931
0,-0.422
0,0.032
0,0.373
0,0.573
0,0.635
0,0.581
0,0.447
0,0.272
0,0.094
0,-0.060
0,-0.170
0,-0.229
0,-0.240
0,-0.211
0,-0.156
0,-0.089
0,-0.023
0,0.032
0,0.070
0,0.088
0,0.089
0,0.076
0,0.054
0,0.029
0,0.004
0,-0.015
0,-0.028
0,-0.034
0,-0.033
0,-0.027
0,-0.018
0,-0.008
0,0.002
0,0.009
0,0.014
0,0.015
0,0.014
0,0.010
0,0.005
0,-0.001
0,-0.007
0,-0.011
0,-0.012
0,-0.012
0,-0.009
0,-0.003
0,0.004
0,0.011
0,0.018
0,0.023
0,0.024
0,0.020
0,0.012
0,-0.002
0,-0.018
0,-0.035
0,-0.051
0,-0.060
0,-0.060
0,-0.048
0,-0.023
0,0.013
0,0.057
0,0.103
0,0.141
0,0.162
0,0.157
0,0.120
0,0.048
0,-0.054
0,-0.175
0,-0.295
0,-0.392
0,-0.439
0,-0.413
0,-0.298
0,-0.090
0,0.195
0,0.523
0,0.842
0,1.087
0,1.187
0,1.081
0,0.732
0,0.138
0,-0.652
0,-1.539
0,-2.375
0,-2.978
0,-3.163
0,-2.773
0,-1.720
0,-0.026
0,2.155
0,4.524
0,6.656
0,8.048
0,8.191
0,6.680
0,3.319
0,-1.767
0,-8.053
0,-14.577
0,-19.977
0,-22.594
0,-20.644
0,-12.458
0,3.276
0,27.267
14,59.458
14,98.952
14,144.073
14,192.545
14,241.778
14,289.193
14,332.547
14,370.179
14,401.161
14,425.329
14,443.209
14,455.860
14,464.673
14,471.160
14,476.757
14,482.672
14,489.788
14,498.621
14,509.328
14,521.758
14,535.519
14,550.072
14,564.807
14,579.126
14,592.504
14,604.534
14,614.959
14,623.670
14,630.705
14,636.217
14,640.440
14,643.643
14,646.096
14,648.030
14,649.613
14,650.938
14,652.020
14,652.806
14,653.193
14,653.048
14,652.229
14,650.607
14,648.078
14,644.576
14,640.076
14,634.593
14,628.181
14,620.919
14,612.909
14,604.266
14,595.111
14,585.565
14,575.747
14,565.771
14,555.742
14,545.754
14,535.892
14,526.228
14,516.820
14,507.718
14,498.966
14,490.599
14,482.648
14,475.145
14,468.116
14,461.585
14,455.573
14,450.094
14,445.158
14,440.766
14,436.914
14,433.592
14,430.785
14,428.475
14,426.641
14,425.261
14,424.308
14,423.757
14,423.578
14,423.736
14,424.197
14,424.923
14,425.876
14,427.025
14,428.342
14,429.812
14,431.431
14,433.211
14,435.175
14,437.355
14,439.788
14,442.509
14,445.549
14,448.931
14,452.664
14,456.745
14,461.156
14,465.864
14,470.824
14,475.986
14,481.295
14,486.702
14,492.173
14,497.692
14,503.264
14,508.914
14,514.687
14,520.633
14,526.802
14,533.232
14,539.943
14,546.926
14,554.146
14,561.540
14,569.024
14,576.499
14,583.859
14,590.996
14,597.816
14,604.235
14,610.192
14,615.648
14,620.583
14,624.992
14,628.884
14,632.268
14,635.149
14,637.520
14,639.357
14,640.617
14,641.238
14,641.139
14,640.235
14,638.439
14,635.679
14,631.905
14,627.100
14,621.283
14,614.510
14,606.865
14,598.446
14,589.349
14,579.643
14,569.351
14,558.432
14,546.766
14,534.154
14,520.325
14,504.961
14,487.722
14,468.294
14,446.433
14,422.007
14,395.042
14,365.749
14,334.531
14,301.978
14,268.826
14,235.906
14,204.069
14,174.111
14,146.698
14,122.305
14,101.188
14,83.371
14,68.675
14,56.759
14,47.182
14,39.466
14,33.149
0,27.833
0,23.204
0,19.050
0,15.249
0,11.760
0,8.601
0,5.820
0,3.474
0,1.609
0,0.241
0,-0.649
0,-1.113
0,-1.228
0,-1.091
0,-0.801
0,-0.447
0,-0.105
0,0.172
0,0.357
0,0.441
0,0.435
0,0.362
0,0.248
0,0.120
0,0.002
0,-0.090
0,-0.148
0,-0.169
0,-0.160
0,-0.128
0,-0.084
0,-0.036
0,0.007
0,0.039
0,0.058
0,0.063
0,0.058
0,0.045
0,0.027
0,0.010
0,-0.005
0,-0.016
0,-0.022
0,-0.022
0,-0.019
0,-0.013
0,-0.006
0,-0.000
0,0.004
0,0.007
0,0.007
0,0.005
0,0.001
0,-0.002
0,-0.005
0,-0.007
0,-0.006
0,-0.003
0,0.002
0,0.009
0,0.015
0,0.020
0,0.022
0,0.020
0,0.012
0,-0.000
0,-0.016
0,-0.034
0,-0.049
0,-0.060
0,-0.061
0,-0.051
0,-0.027
0,0.009
0,0.054
0,0.101
0,0.141
0,0.165
0,0.163
0,0.128
0,0.058
0,-0.043
0,-0.166
0,-0.291
0,-0.394
0,-0.449
0,-0.431
0,-0.323
0,-0.120
0,0.166
0,0.500
0,0.832
0,1.095
0,1.216
0,1.133
0,0.801
0,0.217
0,-0.577
0,-1.485
0,-2.357
0,-3.012
0,-3.257
0,-2.925
0,-1.917
0,-0.239
0,1.965
0,4.407
0,6.662
0,8.219
0,8.553
0,7.226
0,4.004
0,-1.038
0,-7.426
0,-14.255
0,-20.214
0,-23.693
0,-22.961
0,-16.397
0,-2.755
0,18.599
15,47.513
15,82.985
15,123.244
15,165.959
15,208.568
15,248.649
15,284.263
15,314.208
15,338.121
15,356.434
15,370.204
15,380.859
15,389.929
15,398.801
15,408.543
15,419.811
15,432.846
15,447.535
15,463.518
15,480.312
15,497.421
15,514.411
15,530.959
15,546.853
15,561.976
15,576.274
15,589.723
15,602.300
15,613.971
15,624.686
15,634.393
15,643.041
15,650.604
15,657.085
15,662.526
15,666.998
15,670.596
15,673.424
15,675.576
15,677.119
15,678.087
15,678.476
15,678.245
15,677.328
15,675.651
15,673.145
15,669.762
15,665.486
15,660.341
15,654.389
15,647.723
15,640.461
15,632.729
15,624.654
15,616.348
15,607.903
15,599.385
15,590.835
15,582.273
15,573.702
15,565.118
15,556.517
15,547.901
15,539.282
15,530.685
15,522.146
15,513.714
15,505.443
15,497.394
15,489.621
15,482.174
15,475.095
15,468.412
15,462.147
15,456.315
15,450.926
15,445.992
15,441.522
15,437.528
15,434.022
15,431.012
15,428.503
15,426.494
15,424.977
15,423.939
15,423.363
15,423.227
15,423.509
15,424.186
15,425.238
15,426.647
15,428.396
15,430.467
15,432.844
15,435.503
15,438.422
15,441.570
15,444.920
15,448.442
15,452.110
15,455.903
15,459.804
15,463.805
15,467.903
15,472.101
15,476.402
15,480.817
15,485.354
15,490.025
15,494.843
15,499.821
15,504.974
15,510.314
15,515.852
15,521.593
15,527.540
15,533.684
15,540.010
15,546.492
15,553.093
15,559.763
15,566.441
15,573.057
15,579.531
15,585.783
15,591.734
15,597.309
15,602.445
15,607.090
15,611.207
15,614.772
15,617.769
15,620.191
15,622.030
15,623.277
15,623.915
15,623.922
15,623.268
15,621.924
15,619.861
15,617.060
15,613.517
15,609.242
15,604.260
15,598.609
15,592.334
15,585.470
15,578.031
15,569.992
15,561.272
15,551.726
15,541.138
15,529.230
15,515.673
15,500.123
15,482.253
15,461.801
15,438.614
15,412.689
15,384.207
15,353.548
15,321.279
15,288.128
15,254.929
15,222.553
15,191.824
15,163.450
15,137.948
15,115.612
15,96.497
15,80.437
15,67.090
15,56.004
15,46.692
15,38.695
15,31.641
0,25.276
0,19.472
0,14.212
0,9.554
0,5.591
0,2.409
0,0.054
0,-1.484
0,-2.278
0,-2.455
0,-2.176
0,-1.613
0,-0.932
0,-0.269
0,0.276
0,0.647
0,0.827
0,0.835
0,0.709
0,0.500
0,0.260
0,0.033
0,-0.148
0,-0.266
0,-0.316
0,-0.306
0,-0.251
0,-0.170
0,-0.080
0,0.002
0,0.066
0,0.105
0,0.120
0,0.113
0,0.090
0,0.058
0,0.025
0,-0.005
0,-0.028
0,-0.041
0,-0.045
0,-0.042
0,-0.033
0,-0.021
0,-0.008
0,0.003
0,0.012
0,0.017
0,0.019
0,0.018
0,0.014
0,0.009
0,0.003
0,-0.002
0,-0.007
0,-0.011
0,-0.013
0,-0.013
0,-0.012
0,-0.008
0,-0.003
0,0.004
0,0.011
0,0.017
0,0.022
0,0.024
0,0.022
0,0.015
0,0.004
0,-0.011
0,-0.027
0,-0.043
0,-0.055
0,-0.060
0,-0.054
0,-0.036
0,-0.006
0,0.034
0,0.079
0,0.121
0,0.150
0,0.159
0,0.139
0,0.086
0,0.000
0,-0.110
0,-0.230
0,-0.339
0,-0.413
0,-0.426
0,-0.358
0,-0.201
0,0.042
0,0.346
0,0.669
0,0.953
0,1.129
0,1.134
0,0.915
0,0.454
0,-0.230
0,-1.063
0,-1.924
0,-2.650
0,-3.058
0,-2.976
0,-2.279
0,-0.930
0,0.989
0,3.259
0,5.525
0,7.327
0,8.160
0,7.565
0,5.228
0,1.095
0,-4.542
0,-10.983
0,-17.128
0,-21.539
0,-22.588
0,-18.660
0,-8.391
0,9.084
16,33.944
16,65.566
16,102.550
16,142.867
16,184.129
16,223.933
16,260.209
16,291.499
16,317.122
16,337.187
16,352.481
16,364.254
16,373.956
16,382.990
16,392.510
16,403.288
16,415.680
16,429.661
16,444.921
16,460.983
16,477.329
16,493.496
16,509.135
16,524.038
16,538.119
16,551.384
16,563.886
16,575.689
16,586.833
16,597.325
16,607.137
16,616.212
16,624.487
16,631.903
16,638.423
16,644.036
16,648.761
16,652.638
16,655.723
16,658.072
16,659.735
16,660.743
16,661.112
16,660.833
16,659.889
16,658.251
16,655.894
16,652.803
16,648.978
16,644.440
16,639.229
16,633.402
16,627.035
16,620.212
16,613.023
16,605.564
16,597.924
16,590.190
16,582.432
16,574.708
16,567.054
16,559.484
16,551.996
16,544.569
16,537.173
16,529.777
16,522.355
16,514.895
16,507.404
16,499.916
16,492.489
16,485.203
16,478.155
16,471.452
16,465.194
16,459.474
16,454.359
16,449.894
16,446.093
16,442.949
16,440.429
16,438.488
16,437.072
16,436.125
16,435.594
16,435.436
16,435.618
16,436.121
16,436.934
16,438.053
16,439.478
16,441.205
16,443.226
16,445.521
16,448.062
16,450.813
16,453.732
16,456.771
16,459.886
16,463.036
16,466.190
16,469.326
16,472.435
16,475.526
16,478.616
16,481.738
16,484.929
16,488.226
16,491.664
16,495.269
16,499.056
16,503.030
16,507.184
16,511.503
16,515.967
16,520.555
16,525.241
16,530.003
16,534.820
16,539.673
16,544.546
16,549.426
16,554.302
16,559.168
16,564.020
16,568.851
16,573.653
16,578.414
16,583.111
16,587.715
16,592.185
16,596.471
16,600.519
16,604.265
16,607.648
16,610.607
16,613.081
16,615.016
16,616.361
16,617.068
16,617.096
16,616.410
16,614.983
16,612.800
16,609.863
16,606.191
16,601.816
16,596.784
16,591.142
16,584.924
16,578.137
16,570.744
16,562.648
16,553.682
16,543.603
16,532.106
16,518.839
16,503.433
16,485.551
16,464.929
16,441.425
16,415.063
16,386.056
16,354.818
16,321.951
16,288.210
16,254.450
16,221.554
16,190.363
16,161.598
16,135.804
16,113.306
16,94.197
16,78.348
16,65.449
16,55.062
16,46.685
16,39.814
16,33.996
0,28.865
0,24.167
0,19.755
0,15.586
0,11.695
0,8.167
0,5.099
0,2.581
0,0.666
0,-0.642
0,-1.384
0,-1.647
0,-1.544
0,-1.203
0,-0.746
0,-0.277
0,0.124
0,0.411
0,0.565
0,0.593
0,0.521
0,0.383
0,0.215
0,0.051
0,-0.084
0,-0.176
0,-0.221
0,-0.221
0,-0.187
0,-0.132
0,-0.068
0,-0.009
0,0.039
0,0.071
0,0.084
0,0.081
0,0.067
0,0.045
0,0.021
0,-0.001
0,-0.018
0,-0.028
0,-0.032
0,-0.029
0,-0.023
0,-0.014
0,-0.004
0,0.004
0,0.010
0,0.013
0,0.013
0,0.010
0,0.005
0,-0.001
0,-0.006
0,-0.010
0,-0.011
0,-0.010
0,-0.007
0,-0.000
0,0.007
0,0.015
0,0.022
0,0.025
0,0.024
0,0.017
0,0.005
0,-0.011
0,-0.029
0,-0.047
0,-0.061
0,-0.066
0,-0.059
0,-0.039
0,-0.005
0,0.040
0,0.090
0,0.136
0,0.168
0,0.177
0,0.153
0,0.091
0,-0.005
0,-0.129
0,-0.263
0,-0.383
0,-0.462
0,-0.472
0,-0.392
0,-0.211
0,0.063
0,0.404
0,0.763
0,1.074
0,1.263
0,1.255
0,0.998
0,0.471
0,-0.301
0,-1.234
0,-2.189
0,-2.983
0,-3.412
0,-3.288
0,-2.474
0,-0.937
0,1.227
0,3.763
0,6.269
0,8.228
0,9.080
0,8.317
0,5.605
0,0.900
0,-5.446
0,-12.629
0,-19.396
0,-24.124
0,-24.987
0,-20.180
0,-8.194
0,11.922
17,40.341
17,76.344
17,118.345
17,164.058
17,210.794
17,255.835
17,296.814
17,332.020
17,360.585
17,382.519
17,398.604
17,410.183
17,418.890
17,426.380
17,434.087
17,443.063
17,453.897
17,466.716
17,481.263
17,497.009
17,513.292
17,529.436
17,544.858
17,559.119
17,571.956
17,583.266
17,593.079
17,601.513
17,608.735
17,614.923
17,620.240
17,624.823
17,628.776
17,632.175
17,635.070
17,637.497
17,639.477
17,641.022
17,642.134
17,642.805
17,643.019
17,642.749
17,641.961
17,640.619
17,638.691
17,636.156
17,633.005
17,629.252
17,624.927
17,620.082
17,614.781
17,609.097
17,603.106
17,596.877
17,590.475
17,583.950
17,577.345
17,570.691
17,564.010
17,557.320
17,550.635
17,543.969
17,537.337
17,530.757
17,524.251
17,517.842
17,511.559
17,505.428
17,499.480
17,493.743
17,488.244
17,483.009
17,478.062
17,473.426
17,469.119
17,465.158
17,461.551
17,458.304
17,455.413
17,452.872
17,450.669
17,448.791
17,447.224
17,445.954
17,444.972
17,444.269
17,443.839
17,443.675
17,443.772
17,444.121
17,444.711
17,445.530
17,446.563
17,447.796
17,449.216
17,450.814
17,452.580
17,454.509
17,456.595
17,458.832
17,461.214
17,463.736
17,466.393
17,469.182
17,472.103
17,475.159
17,478.355
17,481.702
17,485.212
17,488.900
17,492.781
17,496.870
17,501.178
17,505.712
17,510.478
17,515.474
17,520.694
17,526.125
17,531.751
17,537.548
17,543.482
17,549.515
17,555.600
17,561.681
17,567.698
17,573.586
17,579.280
17,584.716
17,589.832
17,594.567
17,598.867
17,602.676
17,605.946
17,608.633
17,610.697
17,612.107
17,612.836
17,612.866
17,612.183
17,610.782
17,608.658
17,605.813
17,602.247
17,597.963
17,592.958
17,587.223
17,580.736
17,573.461
17,565.335
17,556.269
17,546.134
17,534.768
17,521.970
17,507.508
17,491.137
17,472.619
17,451.755
17,428.425
17,402.618
17,374.467
17,344.269
17,312.492
17,279.760
17,246.817
17,214.476
17,183.550
17,154.783
17,128.780
17,105.958
17,86.508
17,70.398
17,57.391
17,47.095
17,39.019
17,32.643
0,27.478
0,23.112
0,19.239
0,15.669
0,12.319
0,9.194
0,6.353
0,3.877
0,1.845
0,0.306
0,-0.731
0,-1.300
0,-1.473
0,-1.345
0,-1.024
0,-0.614
0,-0.203
0,0.142
0,0.384
0,0.508
0,0.524
0,0.453
0,0.327
0,0.178
0,0.035
0,-0.082
0,-0.160
0,-0.196
0,-0.194
0,-0.162
0,-0.112
0,-0.056
0,-0.004
0,0.037
0,0.064
0,0.075
0,0.072
0,0.058
0,0.039
0,0.018
0,-0.001
0,-0.016
0,-0.025
0,-0.029
0,-0.027
0,-0.022
0,-0.014
0,-0.006
0,0.002
0,0.008
0,0.012
0,0.013
0,0.013
0,0.010
0,0.007
0,0.002
0,-0.003
0,-0.007
0,-0.010
0,-0.012
0,-0.012
0,-0.011
0,-0.007
0,-0.001
0,0.006
0,0.013
0,0.020
0,0.025
0,0.026
0,0.022
0,0.013
0,-0.000
0,-0.018
0,-0.036
0,-0.053
0,-0.064
0,-0.066
0,-0.055
0,-0.030
0,0.008
0,0.055
0,0.105
0,0.148
0,0.174
0,0.174
0,0.139
0,0.066
0,-0.040
0,-0.169
0,-0.302
0,-0.413
0,-0.474
0,-0.459
0,-0.350
0,-0.139
0,0.159
0,0.512
0,0.865
0,1.148
0,1.286
0,1.209
0,0.872
0,0.265
0,-0.567
0,-1.524
0,-2.453
0,-3.162
0,-3.446
0,-3.127
0,-2.096
0,-0.353
0,1.958
0,4.536
0,6.940
0,8.629
0,9.048
0,7.725
0,4.402
0,-0.857
0,-7.567
0,-14.782
0,-21.120
0,-24.867
0,-24.163
0,-17.243
0,-2.715
0,20.186
18,51.403
18,89.982
18,134.135
18,181.443
18,229.185
18,274.712
18,315.809
18,350.969
18,379.532
18,401.675
18,418.276
18,430.682
18,440.448
18,449.072
18,457.801
18,467.491
18,478.573
18,491.076
18,504.716
18,519.016
18,533.422
18,547.401
18,560.517
18,572.462
18,583.062
18,592.262
18,600.100
18,606.675
18,612.124
18,616.597
18,620.245
18,623.211
18,625.623
18,627.589
18,629.201
18,630.525
18,631.606
18,632.464
18,633.094
18,633.465
18,633.525
18,633.207
18,632.434
18,631.130
18,629.231
18,626.698
18,623.516
18,619.706
18,615.318
18,610.431
18,605.140
18,599.549
18,593.759
18,587.860
18,581.920
18,575.990
18,570.093
18,564.234
18,558.402
18,552.576
18,546.732
18,540.849
18,534.911
18,528.911
18,522.850
18,516.737
18,510.589
18,504.423
18,498.260
18,492.117
18,486.010
18,479.953
18,473.956
18,468.031
18,462.189
18,456.451
18,450.841
18,445.391
18,440.141
18,435.135
18,430.417
18,426.029
18,422.006
18,418.377
18,415.163
18,412.375
18,410.021
18,408.103
18,406.625
18,405.593
18,405.021
18,404.926
18,405.334
18,406.273
18,407.776
18,409.869
18,412.574
18,415.905
18,419.859
18,424.422
18,429.562
18,435.232
18,441.375
18,447.926
18,454.815
18,461.979
18,469.362
18,476.919
18,484.621
18,492.454
18,500.413
18,508.503
18,516.731
18,525.101
18,533.610
18,542.242
18,550.969
18,559.746
18,568.515
18,577.205
18,585.737
18,594.028
18,601.993
18,609.547
18,616.612
18,623.116
18,628.999
18,634.206
18,638.697
18,642.437
18,645.405
18,647.584
18,648.970
18,649.567
18,649.388
18,648.458
18,646.808
18,644.477
18,641.506
18,637.933
18,633.792
18,629.107
18,623.891
18,618.144
18,611.850
18,604.981
18,597.494
18,589.331
18,580.420
18,570.675
18,559.995
18,548.264
18,535.352
18,521.115
18,505.400
18,488.051
18,468.925
18,447.901
18,424.909
18,399.950
18,373.125
18,344.652
18,314.880
18,284.282
18,253.440
18,223.006
18,193.650
18,166.008
18,140.618
18,117.874
18,97.988
18,80.985
18,66.715
18,54.888
18,45.124
18,37.016
18,30.180
0,24.297
0,19.136
0,14.564
0,10.527
0,7.032
0,4.113
0,1.803
0,0.113
0,-0.981
0,-1.544
0,-1.670
0,-1.479
0,-1.092
0,-0.625
0,-0.173
0,0.197
0,0.448
0,0.567
0,0.569
0,0.480
0,0.336
0,0.171
0,0.017
0,-0.106
0,-0.184
0,-0.217
0,-0.209
0,-0.170
0,-0.114
0,-0.052
0,0.003
0,0.046
0,0.073
0,0.082
0,0.077
0,0.061
0,0.039
0,0.016
0,-0.004
0,-0.019
0,-0.028
0,-0.030
0,-0.028
0,-0.022
0,-0.014
0,-0.006
0,0.002
0,0.007
0,0.010
0,0.012
0,0.011
0,0.009
0,0.007
0,0.004
0,0.001
0,-0.001
0,-0.004
0,-0.005
0,-0.007
0,-0.008
0,-0.008
0,-0.007
0,-0.006
0,-0.003
0,0.001
0,0.006
0,0.011
0,0.015
0,0.018
0,0.019
0,0.016
0,0.010
0,-0.000
0,-0.014
0,-0.028
0,-0.041
0,-0.049
0,-0.051
0,-0.043
0,-0.024
0,0.005
0,0.041
0,0.080
0,0.114
0,0.135
0,0.135
0,0.109
0,0.054
0,-0.027
0,-0.127
0,-0.231
0,-0.318
0,-0.368
0,-0.359
0,-0.277
0,-0.116
0,0.113
0,0.387
0,0.662
0,0.885
0,0.998
0,0.946
0,0.693
0,0.230
0,-0.411
0,-1.154
0,-1.881
0,-2.442
0,-2.680
0,-2.454
0,-1.677
0,-0.343
0,1.439
0,3.443
0,5.328
0,6.679
0,7.061
0,6.106
0,3.602
0,-0.411
0,-5.574
0,-11.171
0,-16.149
0,-19.197
0,-18.894
0,-13.894
0,-3.147
0,13.901
19,37.151
19,65.787
19,98.329
19,132.791
19,166.954
19,198.671
19,226.187
19,248.375
19,264.869
19,276.075
19,283.048
19,287.290
19,290.500
19,294.318
19,300.108
19,308.803
19,320.837
19,336.151
19,354.273
19,374.445
19,395.775
19,417.378
19,438.496
19,458.571
19,477.268
19,494.463
19,510.189
19,524.579
19,537.800
19,550.006
19,561.304
19,571.744
19,581.327
19,590.024
19,597.798
19,604.627
19,610.519
19,615.516
19,619.693
19,623.143
19,625.963
19,628.237
19,630.021
19,631.339
19,632.176
19,632.490
19,632.220
19,631.303
19,629.690
19,627.355
19,624.305
19,620.579
19,616.244
19,611.384
19,606.089
19,600.445
19,594.528
19,588.392
19,582.076
19,575.603
19,568.985
19,562.229
19,555.341
19,548.330
19,541.209
19,533.994
19,526.707
19,519.375
19,512.027
19,504.693
19,497.409
19,490.212
19,483.143
19,476.249
19,469.584
19,463.202
19,457.165
19,451.532
19,446.362
19,441.706
19,437.605
19,434.087
19,431.167
19,428.843
19,427.101
19,425.914
19,425.247
19,425.061
19,425.313
19,425.963
19,426.973
19,428.308
19,429.939
19,431.838
19,433.986
19,436.365
19,438.965
19,441.780
19,444.809
19,448.054
19,451.522
19,455.217
19,459.142
19,463.297
19,467.677
19,472.272
19,477.069
19,482.054
19,487.208
19,492.517
19,497.963
19,503.533
19,509.211
19,514.986
19,520.847
19,526.786
19,532.795
19,538.870
19,545.002
19,551.181
19,557.391
19,563.611
19,569.810
19,575.945
19,581.967
19,587.818
19,593.429
19,598.730
19,603.648
19,608.110
19,612.050
19,615.411
19,618.149
19,620.238
19,621.666
19,622.440
19,622.580
19,622.114
19,621.076
19,619.497
19,617.399
19,614.790
19,611.665
19,608.004
19,603.774
19,598.937
19,593.454
19,587.291
19,580.421
19,572.829
19,564.504
19,555.440
19,545.617
19,535.000
19,523.524
19,511.084
19,497.541
19,482.719
19,466.419
19,448.438
19,428.601
19,406.784
19,382.955
19,357.199
19,329.741
19,300.951
19,271.339
19,241.523
19,212.189
19,184.031
19,157.692
19,133.698
19,112.416
19,94.023
19,78.499
19,65.648
19,55.140
19,46.559
19,39.465
19,33.446
0,28.163
0,23.375
0,18.941
0,14.818
0,11.033
0,7.653
0,4.759
0,2.418
0,0.661
0,-0.522
0,-1.182
0,-1.407
0,-1.308
0,-1.001
0,-0.599
0,-0.192
0,0.149
0,0.387
0,0.508
0,0.520
0,0.446
0,0.318
0,0.169
0,0.026
0,-0.089
0,-0.165
0,-0.198
0,-0.193
0,-0.160
0,-0.109
0,-0.053
0,-0.001
0,0.040
0,0.065
0,0.075
0,0.071
0,0.057
0,0.037
0,0.016
0,-0.003
0,-0.018
0,-0.026
0,-0.029
0,-0.026
0,-0.019
0,-0.011
0,-0.002
0,0.005
0,0.010
0,0.013
0,0.012
0,0.009
0,0.004
0,-0.001
0,-0.006
0,-0.011
0,-0.012
0,-0.012
0,-0.008
0,-0.002
0,0.006
0,0.014
0,0.022
0,0.027
0,0.027
0,0.022
0,0.011
0,-0.005
0,-0.025
0,-0.045
0,-0.062
0,-0.071
0,-0.069
0,-0.053
0,-0.021
0,0.024
0,0.077
0,0.129
0,0.172
0,0.192
0,0.181
0,0.130
0,0.039
0,-0.086
0,-0.230
0,-0.370
0,-0.476
0,-0.520
0,-0.473
0,-0.319
0,-0.057
0,0.290
0,0.680
0,1.048
0,1.314
0,1.397
0,1.228
0,0.768
0,0.025
0,-0.936
0,-1.986
0,-2.943
0,-3.589
0,-3.709
0,-3.126
0,-1.755
0,0.357
0,2.999
0,5.796
0,8.225
0,9.685
0,9.587
0,7.480
0,3.180
0,-3.106
0,-10.695
0,-18.403
0,-24.599
0,-27.345
0,-24.625
0,-14.617
0,4.003
20,31.798
20,68.401
20,112.471
20,161.813
20,213.648
20,264.989
20,313.058
20,355.654
20,391.417
20,419.934
20,441.685
20,457.869
20,470.134
20,480.285
20,490.009
20,500.663
20,513.136
20,527.811
20,544.595
20,563.016
20,582.350
20,601.763
20,620.437
20,637.672
20,652.953
20,665.977
20,676.648
20,685.049
20,691.391
20,695.958
20,699.055
20,700.961
20,701.898
20,702.015
20,701.381
20,699.993
20,697.794
20,694.695
20,690.591
20,685.392
20,679.032
20,671.484
20,662.763
20,652.927
20,642.071
20,630.320
20,617.820
20,604.732
20,591.222
20,577.455
20,563.586
20,549.761
20,536.106
20,522.728
20,509.710
20,497.114
20,484.980
20,473.334
20,462.187
20,451.546
20,441.420
20,431.823
20,422.777
20,414.318
20,406.490
20,399.349
20,392.951
20,387.351
20,382.592
20,378.706
20,375.698
20,373.556
20,372.238
20,371.688
20,371.831
20,372.585
20,373.871
20,375.613
20,377.750
20,380.234
20,383.032
20,386.126
20,389.509
20,393.181
20,397.144
20,401.399
20,405.943
20,410.768
20,415.861
20,421.207
20,426.790
20,432.600
20,438.626
20,444.866
20,451.317
20,457.979
20,464.847
20,471.909
20,479.141
20,486.510
20,493.973
20,501.477
20,508.971
20,516.402
20,523.723
20,530.898
20,537.899
20,544.712
20,551.336
20,557.783
20,564.078
20,570.259
20,576.374
20,582.476
20,588.619
20,594.852
20,601.210
20,607.712
20,614.355
20,621.115
20,627.949
20,634.796
20,641.581
20,648.221
20,654.634
20,660.735
20,666.451
20,671.713
20,676.467
20,680.667
20,684.280
20,687.282
20,689.657
20,691.396
20,692.491
20,692.936
20,692.723
20,691.842
20,690.278
20,688.013
20,685.027
20,681.297
20,676.803
20,671.525
20,665.448
20,658.561
20,650.862
20,642.350
20,633.031
20,622.911
20,611.996
20,600.281
20,587.750
20,574.366
20,560.062
20,544.744
20,528.283
20,510.524
20,491.300
20,470.450
20,447.850
20,423.440
20,397.256
20,369.458
20,340.338
20,310.325
20,279.959
20,249.857
20,220.664
20,192.986
20,167.339
20,144.097
20,123.462
20,105.450
20,89.914
20,76.576
20,65.076
20,55.035
20,46.106
20,38.018
20,30.599
0,23.784
0,17.593
0,12.109
0,7.437
0,3.664
0,0.836
0,-1.066
0,-2.123
0,-2.474
0,-2.294
0,-1.772
0,-1.088
0,-0.396
0,0.192
0,0.608
0,0.828
0,0.865
0,0.756
0,0.551
0,0.306
0,0.068
0,-0.128
0,-0.261
0,-0.323
0,-0.321
0,-0.270
0,-0.189
0,-0.096
0,-0.009
0,0.060
0,0.104
0,0.123
0,0.118
0,0.097
0,0.065
0,0.030
0,-0.002
0,-0.026
0,-0.041
0,-0.046
0,-0.043
0,-0.033
0,-0.020
0,-0.007
0,0.005
0,0.014
0,0.018
0,0.018
0,0.014
0,0.008
0,0.001
0,-0.005
0,-0.010
0,-0.012
0,-0.011
0,-0.007
0,-0.001
0,0.008
0,0.016
0,0.022
0,0.025
0,0.023
0,0.015
0,0.003
0,-0.015
0,-0.033
0,-0.051
0,-0.063
0,-0.065
0,-0.056
0,-0.032
0,0.005
0,0.052
0,0.101
0,0.145
0,0.172
0,0.174
0,0.141
0,0.070
0,-0.034
0,-0.162
0,-0.294
0,-0.406
0,-0.470
0,-0.460
0,-0.355
0,-0.150
0,0.143
0,0.493
0,0.845
0,1.132
0,1.277
0,1.212
0,0.889
0,0.298
0,-0.521
0,-1.471
0,-2.401
0,-3.121
0,-3.428
0,-3.142
0,-2.150
0,-0.448
0,1.830
0,4.391
0,6.801
0,8.527
0,9.013
0,7.787
0,4.578
0,-0.565
0,-7.176
0,-14.333
0,-20.675
0,-24.505
0,-23.967
0,-17.291
0,-3.068
0,19.494
21,50.373
21,88.640
21,132.522
21,179.594
21,227.103
21,272.351
21,313.069
21,347.713
21,375.625
21,397.042
21,412.971
21,424.948
21,434.757
21,444.134
21,454.525
21,466.906
21,481.714
21,498.849
21,517.774
21,537.655
21,557.527
21,576.456
21,593.662
21,608.603
21,621.003
21,630.843
21,638.317
21,643.763
21,647.598
21,650.252
21,652.114
21,653.504
21,654.648
21,655.676
21,656.628
21,657.471
21,658.109
21,658.412
21,658.230
21,657.418
21,655.849
21,653.432
21,650.120
21,645.913
21,640.857
21,635.038
21,628.569
21,621.579
21,614.197
21,606.540
21,598.707
21,590.774
21,582.790
21,574.784
21,566.770
21,558.750
21,550.727
21,542.702
21,534.687
21,526.700
21,518.766
21,510.919
21,503.197
21,495.640
21,488.288
21,481.180
21,474.354
21,467.845
21,461.688
21,455.920
21,450.577
21,445.698
21,441.320
21,437.478
21,434.201
21,431.510
21,429.411
21,427.898
21,426.948
21,426.525
21,426.577
21,427.047
21,427.874
21,428.999
21,430.371
21,431.953
21,433.724
21,435.678
21,437.829
21,440.203
21,442.838
21,445.770
21,449.034
21,452.657
21,456.649
21,461.010
21,465.720
21,470.752
21,476.067
21,481.621
21,487.376
21,493.293
21,499.345
21,505.513
21,511.784
21,518.154
21,524.617
21,531.167
21,537.791
21,544.469
21,551.167
21,557.844
21,564.449
21,570.926
21,577.214
21,583.254
21,588.989
21,594.369
21,599.352
21,603.904
21,608.000
21,611.620
21,614.747
21,617.364
21,619.446
21,620.961
21,621.867
21,622.109
21,621.627
21,620.356
21,618.239
21,615.227
21,611.295
21,606.439
21,600.678
21,594.056
21,586.626
21,578.445
21,569.558
21,559.981
21,549.684
21,538.583
21,526.526
21,513.301
21,498.643
21,482.254
21,463.840
21,443.144
21,419.993
21,394.342
21,366.301
21,336.167
21,304.418
21,271.702
21,238.791
21,206.525
21,175.738
21,147.182
21,121.461
21,98.977
21,79.906
21,64.196
21,51.600
21,41.717
21,34.061
0,28.119
0,23.411
0,19.531
0,16.173
0,13.141
0,10.334
0,7.734
0,5.376
0,3.321
0,1.628
0,0.337
0,-0.542
0,-1.035
0,-1.199
0,-1.111
0,-0.858
0,-0.527
0,-0.190
0,0.097
0,0.302
0,0.411
0,0.430
0,0.377
0,0.276
0,0.155
0,0.037
0,-0.061
0,-0.127
0,-0.159
0,-0.159
0,-0.135
0,-0.095
0,-0.049
0,-0.006
0,0.028
0,0.051
0,0.061
0,0.059
0,0.049
0,0.033
0,0.016
0,-0.000
0,-0.013
0,-0.021
0,-0.024
0,-0.022
0,-0.018
0,-0.011
0,-0.004
0,0.002
0,0.007
0,0.011
0,0.012
0,0.011
0,0.008
0,0.004
0,-0.000
0,-0.005
0,-0.009
0,-0.011
0,-0.012
0,-0.010
0,-0.007
0,-0.001
0,0.006
0,0.013
0,0.019
0,0.023
0,0.024
0,0.020
0,0.011
0,-0.002
0,-0.019
0,-0.037
0,-0.052
0,-0.061
0,-0.061
0,-0.049
0,-0.024
0,0.014
0,0.059
0,0.106
0,0.145
0,0.167
0,0.162
0,0.123
0,0.050
0,-0.055
0,-0.179
0,-0.303
0,-0.403
0,-0.452
0,-0.425
0,-0.307
0,-0.095
0,0.198
0,0.535
0,0.863
0,1.116
0,1.220
0,1.113
0,0.756
0,0.147
0,-0.665
0,-1.577
0,-2.437
0,-3.061
0,-3.255
0,-2.859
0,-1.781
0,-0.041
0,2.205
0,4.651
0,6.862
0,8.320
0,8.502
0,6.985
0,3.560
0,-1.659
0,-8.155
0,-14.974
0,-20.760
0,-23.869
0,-22.547
0,-15.175
0,-0.519
0,22.028
22,52.283
22,89.226
22,131.081
22,175.542
22,220.094
22,262.372
22,300.494
22,333.285
22,360.362
22,382.080
22,399.356
22,413.428
22,425.602
22,437.029
22,448.562
22,460.691
22,473.557
22,487.033
22,500.828
22,514.599
22,528.046
22,540.957
22,553.234
22,564.873
22,575.928
22,586.469
22,596.543
22,606.155
22,615.257
22,623.758
22,631.547
22,638.519
22,644.591
22,649.727
22,653.935
22,657.268
22,659.804
22,661.632
22,662.827
22,663.438
22,663.476
22,662.916
22,661.701
22,659.755
22,657.006
22,653.396
22,648.899
22,643.530
22,637.340
22,630.420
22,622.879
22,614.842
22,606.430
22,597.752
22,588.898
22,579.937
22,570.914
22,561.856
22,552.775
22,543.674
22,534.553
22,525.415
22,516.272
22,507.143
22,498.061
22,489.070
22,480.224
22,471.583
22,463.209
22,455.162
22,447.495
22,440.253
22,433.469
22,427.169
22,421.367
22,416.068
22,411.271
22,406.971
22,403.158
22,399.825
22,396.965
22,394.574
22,392.652
22,391.201
22,390.225
22,389.728
22,389.711
22,390.168
22,391.089
22,392.455
22,394.245
22,396.432
22,398.991
22,401.903
22,405.155
22,408.744
22,412.676
22,416.966
22,421.635
22,426.702
22,432.179
22,438.064
22,444.343
22,450.983
22,457.937
22,465.150
22,472.564
22,480.126
22,487.796
22,495.545
22,503.362
22,511.249
22,519.220
22,527.297
22,535.500
22,543.848
22,552.352
22,561.011
22,569.807
22,578.707
22,587.661
22,596.606
22,605.464
22,614.153
22,622.585
22,630.675
22,638.343
22,645.517
22,652.134
22,658.141
22,663.495
22,668.159
22,672.109
22,675.325
22,677.797
22,679.521
22,680.495
22,680.717
22,680.185
22,678.888
22,676.811
22,673.933
22,670.230
22,665.680
22,660.266
22,653.980
22,646.823
22,638.804
22,629.935
22,620.227
22,609.673
22,598.244
22,585.876
22,572.467
22,557.874
22,541.920
22,524.412
22,505.153
22,483.974
22,460.757
22,435.464
22,408.163
22,379.041
22,348.421
22,316.748
22,284.579
22,252.549
22,221.327
22,191.565
22,163.844
22,138.632
22,116.242
22,96.819
22,80.337
22,66.618
22,55.362
22,46.188
22,38.682
22,32.442
0,27.115
0,22.427
0,18.197
0,14.335
0,10.824
0,7.698
0,5.010
0,2.811
0,1.127
0,-0.047
0,-0.753
0,-1.061
0,-1.066
0,-0.866
0,-0.559
0,-0.227
0,0.066
0,0.281
0,0.402
0,0.431
0,0.384
0,0.287
0,0.167
0,0.047
0,-0.054
0,-0.124
0,-0.160
0,-0.163
0,-0.140
0,-0.100
0,-0.054
0,-0.010
0,0.026
0,0.050
0,0.061
0,0.060
0,0.050
0,0.035
0,0.017
0,0.001
0,-0.012
0,-0.021
0,-0.024
0,-0.023
0,-0.018
0,-0.011
0,-0.004
0,0.003
0,0.008
0,0.011
0,0.011
0,0.009
0,0.006
0,0.001
0,-0.004
0,-0.008
0,-0.011
0,-0.012
0,-0.010
0,-0.006
0,0.000
0,0.008
0,0.015
0,0.022
0,0.025
0,0.024
0,0.019
0,0.007
0,-0.009
0,-0.027
0,-0.046
0,-0.060
0,-0.067
0,-0.062
0,-0.043
0,-0.011
0,0.033
0,0.082
0,0.130
0,0.166
0,0.179
0,0.160
0,0.105
0,0.012
0,-0.109
0,-0.243
0,-0.368
0,-0.456
0,-0.479
0,-0.414
0,-0.249
0,0.014
0,0.349
0,0.711
0,1.037
0,1.252
0,1.281
0,1.065
0,0.578
0,-0.164
0,-1.084
0,-2.054
0,-2.893
0,-3.399
0,-3.374
0,-2.673
0,-1.240
0,0.850
0,3.367
0,5.929
0,8.029
0,9.105
0,8.628
0,6.225
0,1.797
0,-4.375
0,-11.558
0,-18.560
0,-23.802
0,-25.464
0,-21.710
0,-10.948
0,7.891
23,35.133
23,70.225
23,111.736
23,157.511
23,204.949
23,251.372
23,294.403
23,332.282
23,364.053
23,389.607
23,409.582
23,425.156
23,437.796
23,449.002
23,460.096
23,472.075
23,485.541
23,500.712
23,517.471
23,535.465
23,554.204
23,573.154
23,591.810
23,609.748
23,626.639
23,642.259
23,656.472
23,669.214
23,680.473
23,690.270
23,698.648
23,705.661
23,711.368
23,715.832
23,719.111
23,721.257
23,722.309
23,722.289
23,721.200
23,719.030
23,715.750
23,711.331
23,705.745
23,698.984
23,691.066
23,682.045
23,672.008
23,661.081
23,649.416
23,637.188
23,624.576
23,611.753
23,598.877
23,586.075
23,573.442
23,561.040
23,548.899
23,537.024
23,525.408
23,514.038
23,502.907
23,492.019
23,481.394
23,471.067
23,461.087
23,451.511
23,442.400
23,433.814
23,425.805
23,418.417
23,411.681
23,405.617
23,400.231
23,395.520
23,391.470
23,388.061
23,385.271
23,383.077
23,381.461
23,380.412
23,379.926
23,380.007
23,380.666
23,381.913
23,383.758
23,386.200
23,389.231
23,392.830
23,396.961
23,401.580
23,406.632
23,412.056
23,417.789
23,423.772
23,429.951
23,436.282
23,442.735
23,449.291
23,455.943
23,462.692
23,469.546
23,476.513
23,483.596
23,490.792
23,498.090
23,505.469
23,512.901
23,520.353
23,527.794
23,535.192
23,542.523
23,549.769
23,556.921
23,563.977
23,570.936
23,577.802
23,584.573
23,591.239
23,597.781
23,604.165
23,610.345
23,616.261
23,621.842
23,627.006
23,631.669
23,635.740
23,639.134
23,641.776
23,643.599
23,644.556
23,644.618
23,643.776
23,642.038
23,639.430
23,635.988
23,631.758
23,626.793
23,621.150
23,614.885
23,608.059
23,600.730
23,592.949
23,584.755
23,576.163
23,567.153
23,557.659
23,547.561
23,536.677
23,524.774
23,511.576
23,496.783
23,480.105
23,461.293
23,440.174
23,416.690
23,390.927
23,363.125
23,333.689
23,303.165
23,272.211
23,241.547
23,211.891
23,183.901
23,158.113
23,134.897
23,114.433
23,96.710
23,81.549
23,68.646
23,57.625
23,48.103
23,39.736
23,32.260
0,25.508
0,19.413
0,13.983
0,9.277
0,5.364
0,2.295
0,0.080
0,-1.327
0,-2.023
0,-2.148
0,-1.864
0,-1.339
0,-0.725
0,-0.143
0,0.321
0,0.623
0,0.754
0,0.734
0,0.603
0,0.405
0,0.188
0,-0.010
0,-0.162
0,-0.255
0,-0.288
0,-0.269
0,-0.213
0,-0.136
0,-0.055
0,0.016
0,0.069
0,0.100
0,0.109
0,0.099
0,0.076
0,0.046
0,0.016
0,-0.010
0,-0.029
0,-0.039
0,-0.041
0,-0.036
0,-0.027
0,-0.015
0,-0.003
0,0.007
0,0.014
0,0.018
0,0.018
0,0.015
0,0.010
0,0.004
0,-0.002
0,-0.008
0,-0.012
0,-0.014
0,-0.014
0,-0.011
0,-0.006
0,0.001
0,0.009
0,0.016
0,0.022
0,0.025
0,0.024
0,0.018
0,0.006
0,-0.009
0,-0.027
0,-0.044
0,-0.057
0,-0.063
0,-0.058
0,-0.040
0,-0.009
0,0.033
0,0.080
0,0.124
0,0.157
0,0.168
0,0.149
0,0.095
0,0.007
0,-0.108
0,-0.235
0,-0.351
0,-0.432
0,-0.450
0,-0.384
0,-0.224
0,0.027
0,0.345
0,0.685
0,0.988
0,1.183
0,1.200
0,0.985
0,0.514
0,-0.194
0,-1.065
0,-1.975
0,-2.753
0,-3.208
0,-3.157
0,-2.464
0,-1.083
0,0.908
0,3.287
0,5.687
0,7.629
0,8.583
0,8.057
0,5.711
0,1.466
0,-4.393
0,-11.159
0,-17.696
0,-22.512
0,-23.902
0,-20.165
0,-9.849
0,7.983
24,33.549
24,66.226
24,104.558
24,146.409
24,189.238
24,230.453
24,267.784
24,299.577
24,324.984
24,343.997
24,357.349
24,366.306
24,372.408
24,377.199
24,382.009
24,387.796
24,395.092
24,404.019
24,414.381
24,425.786
24,437.775
24,449.929
24,461.939
24,473.623
24,484.917
24,495.836
24,506.422
24,516.701
24,526.658
24,536.224
24,545.281
24,553.683
24,561.282
24,567.955
24,573.616
24,578.236
24,581.834
24,584.477
24,586.261
24,587.298
24,587.695
24,587.548
24,586.928
24,585.880
24,584.426
24,582.570
24,580.311
24,577.646
24,574.585
24,571.151
24,567.383
24,563.335
24,559.066
24,554.637
24,550.104
24,545.510
24,540.884
24,536.239
24,531.579
24,526.899
24,522.193
24,517.459
24,512.698
24,507.918
24,503.130
24,498.351
24,493.596
24,488.880
24,484.218
24,479.621
24,475.102
24,470.673
24,466.345
24,462.132
24,458.046
24,454.101
24,450.315
24,446.708
24,443.306
24,440.136
24,437.231
24,434.618
24,432.325
24,430.372
24,428.769
24,427.524
24,426.637
24,426.107
24,425.935
24,426.126
24,426.688
24,427.637
24,428.992
24,430.772
24,433.000
24,435.693
24,438.861
24,442.507
24,446.623
24,451.186
24,456.164
24,461.513
24,467.179
24,473.109
24,479.245
24,485.539
24,491.948
24,498.441
24,504.996
24,511.604
24,518.260
24,524.966
24,531.725
24,538.537
24,545.396
24,552.288
24,559.191
24,566.075
24,572.905
24,579.642
24,586.247
24,592.686
24,598.931
24,604.962
24,610.771
24,616.358
24,621.730
24,626.893
24,631.855
24,636.613
24,641.151
24,645.439
24,649.429
24,653.056
24,656.240
24,658.891
24,660.912
24,662.212
24,662.705
24,662.324
24,661.020
24,658.769
24,655.569
24,651.439
24,646.415
24,640.545
24,633.884
24,626.484
24,618.391
24,609.629
24,600.193
24,590.038
24,579.062
24,567.109
24,553.962
24,539.350
24,522.970
24,504.510
24,483.686
24,460.282
24,434.197
24,405.477
24,374.353
24,341.247
24,306.767
24,271.675
24,236.832
24,203.132
24,171.421
24,142.417
24,116.651
24,94.419
24,75.771
24,60.528
24,48.321
24,38.663
24,31.017
0,24.867
0,19.778
0,15.427
0,11.614
0,8.249
0,5.321
0,2.865
0,0.924
0,-0.480
0,-1.356
0,-1.756
0,-1.767
0,-1.496
0,-1.060
0,-0.568
0,-0.108
0,0.258
0,0.495
0,0.599
0,0.585
0,0.482
0,0.328
0,0.157
0,0.000
0,-0.121
0,-0.196
0,-0.224
0,-0.211
0,-0.169
0,-0.109
0,-0.046
0,0.010
0,0.052
0,0.077
0,0.084
0,0.077
0,0.060
0,0.037
0,0.014
0,-0.006
0,-0.021
0,-0.029
0,-0.031
0,-0.027
0,-0.021
0,-0.012
0,-0.004
0,0.003
0,0.008
0,0.010
0,0.010
0,0.009
0,0.006
0,0.003
0,0.001
0,-0.001
0,-0.002
0,-0.002
0,-0.001
0,-0.000
0,0.000
0,0.001
0,0.000
0,-0.001
0,-0.002
0,-0.005
0,-0.006
0,-0.007
0,-0.007
0,-0.005
0,-0.001
0,0.004
0,0.011
0,0.017
0,0.021
0,0.023
0,0.020
0,0.013
0,0.000
0,-0.015
0,-0.033
0,-0.049
0,-0.060
0,-0.062
0,-0.052
0,-0.030
0,0.005
0,0.049
0,0.096
0,0.137
0,0.164
0,0.165
0,0.134
0,0.068
0,-0.031
0,-0.152
0,-0.277
0,-0.385
0,-0.446
0,-0.438
0,-0.340
0,-0.147
0,0.130
0,0.462
0,0.797
0,1.072
0,1.213
0,1.155
0,0.853
0,0.295
0,-0.480
0,-1.381
0,-2.267
0,-2.957
0,-3.257
0,-2.996
0,-2.066
0,-0.458
0,1.701
0,4.136
0,6.437
0,8.099
0,8.591
0,7.461
0,4.443
0,-0.425
0,-6.718
0,-13.574
0,-19.720
0,-23.561
0,-23.351
0,-17.422
0,-4.437
0,16.363
25,44.979
25,80.580
25,121.559
25,165.730
25,210.636
25,253.904
25,293.582
25,328.378
25,357.771
25,381.962
25,401.718
25,418.136
25,432.405
25,445.591
25,458.509
25,471.660
25,485.250
25,499.264
25,513.556
25,527.937
25,542.248
25,556.386
25,570.315
25,584.034
25,597.552
25,610.850
25,623.856
25,636.442
25,648.425
25,659.600
25,669.761
25,678.740
25,686.429
25,692.793
25,697.871
25,701.755
25,704.573
25,706.451
25,707.494
25,707.763
25,707.269
25,705.976
25,703.816
25,700.710
25,696.584
25,691.394
25,685.136
25,677.851
25,669.627
25,660.583
25,650.863
25,640.614
25,629.979
25,619.084
25,608.028
25,596.889
25,585.719
25,574.556
25,563.425
25,552.351
25,541.362
25,530.488
25,519.773
25,509.261
25,499.008
25,489.069
25,479.499
25,470.353
25,461.685
25,453.543
25,445.976
25,439.030
25,432.750
25,427.174
25,422.335
25,418.255
25,414.943
25,412.394
25,410.590
25,409.495
25,409.068
25,409.254
25,409.997
25,411.237
25,412.916
25,414.978
25,417.375
25,420.068
25,423.025
25,426.227
25,429.660
25,433.318
25,437.193
25,441.276
25,445.555
25,450.007
25,454.603
25,459.312
25,464.095
25,468.914
25,473.733
25,478.516
25,483.232
25,487.850
25,492.346
25,496.702
25,500.907
25,504.964
25,508.888
25,512.710
25,516.475
25,520.236
25,524.052
25,527.982
25,532.073
25,536.363
25,540.867
25,545.577
25,550.463
25,555.466
25,560.507
25,565.489
25,570.297
25,574.812
25,578.911
25,582.471
25,585.380
25,587.535
25,588.850
25,589.257
25,588.713
25,587.198
25,584.721
25,581.315
25,577.038
25,571.961
25,566.169
25,559.740
25,552.739
25,545.194
25,537.087
25,528.334
25,518.775
25,508.178
25,496.242
25,482.625
25,466.974
25,448.968
25,428.367
25,405.056
25,379.086
25,350.697
25,320.323
25,288.581
25,256.231
25,224.121
25,193.114
25,164.016
25,137.497
25,114.038
25,93.887
25,77.054
25,63.326
25,52.316
25,43.525
25,36.418
25,30.490
0,25.327
0,20.639
0,16.271
0,12.188
0,8.448
0,5.153
0,2.413
0,0.310
0,-1.129
0,-1.932
0,-2.186
0,-2.015
0,-1.563
0,-0.974
0,-0.375
0,0.139
0,0.509
0,0.712
0,0.755
0,0.670
0,0.499
0,0.289
0,0.081
0,-0.093
0,-0.214
0,-0.274
0,-0.279
0,-0.240
0,-0.172
0,-0.093
0,-0.017
0,0.044
0,0.085
0,0.104
0,0.103
0,0.086
0,0.060
0,0.030
0,0.003
0,-0.019
0,-0.033
0,-0.039
0,-0.038
0,-0.031
0,-0.021
0,-0.010
0,-0.000
0,0.007
0,0.012
0,0.015
0,0.014
0,0.012
0,0.009
0,0.006
0,0.002
0,-0.001
0,-0.004
0,-0.006
0,-0.007
0,-0.008
0,-0.008
0,-0.008
0,-0.007
0,-0.005
0,-0.001
0,0.003
0,0.008
0,0.013
0,0.018
0,0.020
0,0.019
0,0.015
0,0.007
0,-0.006
0,-0.020
0,-0.035
0,-0.047
0,-0.054
0,-0.052
0,-0.039
0,-0.015
0,0.019
0,0.060
0,0.099
0,0.131
0,0.146
0,0.137
0,0.097
0,0.027
0,-0.068
0,-0.177
0,-0.283
0,-0.363
0,-0.395
0,-0.357
0,-0.238
0,-0.038
0,0.227
0,0.524
0,0.802
0,1.002
0,1.061
0,0.928
0,0.573
0,0.004
0,-0.729
0,-1.527
0,-2.251
0,-2.735
0,-2.815
0,-2.360
0,-1.305
0,0.311
0,2.326
0,4.452
0,6.290
0,7.384
0,7.288
0,5.662
0,2.371
0,-2.423
0,-8.198
0,-14.053
0,-18.757
0,-20.854
0,-18.842
0,-11.384
0,2.464
0,23.050
26,50.001
26,82.197
26,117.872
26,154.832
26,190.759
26,223.535
26,251.543
26,273.859
26,290.334
26,301.538
26,308.602
26,312.994
26,316.271
26,319.857
26,324.865
26,331.997
26,341.515
26,353.293
26,366.913
26,381.788
26,397.296
26,412.880
26,428.120
26,442.757
26,456.679
26,469.884
26,482.426
26,494.364
26,505.732
26,516.518
26,526.668
26,536.099
26,544.725
26,552.482
26,559.341
26,565.321
26,570.492
26,574.963
26,578.872
26,582.363
26,585.567
26,588.587
26,591.483
26,594.270
26,596.915
26,599.350
26,601.479
26,603.198
26,604.405
26,605.020
26,604.990
26,604.294
26,602.947
26,600.989
26,598.484
26,595.504
26,592.121
26,588.398
26,584.384
26,580.108
26,575.585
26,570.814
26,565.788
26,560.501
26,554.956
26,549.168
26,543.171
26,537.014
26,530.759
26,524.475
26,518.233
26,512.098
26,506.126
26,500.362
26,494.835
26,489.563
26,484.556
26,479.813
26,475.335
26,471.120
26,467.171
26,463.493
26,460.098
26,457.000
26,454.215
26,451.758
26,449.640
26,447.867
26,446.440
26,445.360
26,444.621
26,444.220
26,444.152
26,444.410
26,444.986
26,445.867
26,447.036
26,448.475
26,450.163
26,452.082
26,454.218
26,456.568
26,459.131
26,461.914
26,464.929
26,468.184
26,471.685
26,475.436
26,479.428
26,483.650
26,488.079
26,492.688
26,497.443
26,502.310
26,507.252
26,512.240
26,517.251
26,522.275
26,527.315
26,532.387
26,537.518
26,542.737
26,548.071
26,553.536
26,559.134
26,564.845
26,570.629
26,576.430
26,582.175
26,587.784
26,593.174
26,598.266
26,602.982
26,607.255
26,611.022
26,614.232
26,616.841
26,618.815
26,620.131
26,620.769
26,620.720
26,619.975
26,618.526
26,616.367
26,613.491
26,609.891
26,605.565
26,600.515
26,594.753
26,588.289
26,581.134
26,573.281
26,564.697
26,555.307
26,544.985
26,533.547
26,520.757
26,506.336
26,489.988
26,471.436
26,450.454
26,426.918
26,400.840
26,372.395
26,341.941
26,310.013
26,277.292
26,244.564
26,212.658
26,182.370
26,154.398
26,129.276
26,107.335
26,88.682
26,73.208
26,60.625
26,50.514
26,42.392
26,35.776
26,30.233
0,25.420
0,21.099
0,17.139
0,13.495
0,10.183
0,7.253
0,4.759
0,2.744
0,1.219
0,0.166
0,-0.465
0,-0.748
0,-0.769
0,-0.619
0,-0.382
0,-0.127
0,0.093
0,0.250
0,0.331
0,0.341
0,0.294
0,0.210
0,0.111
0,0.017
0,-0.060
0,-0.110
0,-0.133
0,-0.130
0,-0.107
0,-0.073
0,-0.035
0,-0.000
0,0.027
0,0.044
0,0.051
0,0.048
0,0.038
0,0.025
0,0.011
0,-0.002
0,-0.012
0,-0.018
0,-0.020
0,-0.018
0,-0.014
0,-0.008
0,-0.002
0,0.004
0,0.007
0,0.009
0,0.009
0,0.008
0,0.004
0,0.000
0,-0.004
0,-0.007
0,-0.010
0,-0.010
0,-0.009
0,-0.005
0,0.000
0,0.007
0,0.013
0,0.019
0,0.022
0,0.021
0,0.017
0,0.007
0,-0.006
0,-0.022
0,-0.038
0,-0.051
0,-0.058
0,-0.054
0,-0.040
0,-0.012
0,0.025
0,0.068
0,0.110
0,0.142
0,0.155
0,0.142
0,0.096
0,0.019
0,-0.085
0,-0.202
0,-0.312
0,-0.392
0,-0.418
0,-0.369
0,-0.232
0,-0.011
0,0.277
0,0.592
0,0.881
0,1.078
0,1.120
0,0.952
0,0.548
0,-0.080
0,-0.871
0,-1.717
0,-2.463
0,-2.935
0,-2.960
0,-2.403
0,-1.210
0,0.566
0,2.737
0,4.982
0,6.868
0,7.907
0,7.635
0,5.709
0,2.017
0,-3.233
0,-9.443
0,-15.624
0,-20.444
0,-22.358
0,-19.794
0,-11.389
0,3.783
0,26.001
27,54.788
27,88.905
27,126.492
27,165.318
27,203.127
27,237.986
27,268.574
27,294.350
27,315.569
27,333.145
27,348.410
27,362.829
27,377.715
27,394.019
27,412.199
27,432.213
27,453.592
27,475.589
27,497.356
27,518.109
27,537.261
27,554.481
27,569.707
27,583.096
27,594.943
27,605.595
27,615.366
27,624.483
27,633.053
27,641.073
27,648.445
27,655.026
27,660.662
27,665.232
27,668.671
27,670.984
27,672.233
27,672.532
27,672.013
27,670.805
27,669.016
27,666.713
27,663.922
27,660.629
27,656.795
27,652.372
27,647.320
27,641.624
27,635.305
27,628.422
27,621.067
27,613.358
27,605.419
27,597.368
27,589.305
27,581.300
27,573.393
27,565.594
27,557.892
27,550.266
27,542.685
27,535.126
27,527.567
27,520.001
27,512.427
27,504.855
27,497.301
27,489.789
27,482.348
27,475.008
27,467.804
27,460.770
27,453.943
27,447.357
27,441.049
27,435.050
27,429.395
27,424.116
27,419.244
27,414.814
27,410.857
27,407.408
27,404.496
27,402.147
27,400.375
27,399.184
27,398.556
27,398.460
27,398.847
27,399.661
27,400.843
27,402.339
27,404.110
27,406.136
27,408.420
27,410.985
27,413.872
27,417.133
27,420.826
27,425.004
27,429.711
27,434.972
27,440.793
27,447.151
27,454.003
27,461.282
27,468.907
27,476.793
27,484.859
27,493.035
27,501.272
27,509.546
27,517.853
27,526.210
27,534.641
27,543.175
27,551.834
27,560.625
27,569.534
27,578.528
27,587.552
27,596.528
27,605.365
27,613.960
27,622.199
27,629.971
27,637.166
27,643.684
27,649.436
27,654.352
27,658.377
27,661.476
27,663.628
27,664.823
27,665.063
27,664.355
27,662.713
27,660.151
27,656.690
27,652.350
27,647.155
27,641.132
27,634.307
27,626.703
27,618.339
27,609.220
27,599.333
27,588.642
27,577.075
27,564.526
27,550.849
27,535.856
27,519.334
27,501.053
27,480.796
27,458.383
27,433.714
27,406.795
27,377.775
27,346.957
27,314.806
27,281.933
27,249.057
27,216.955
27,186.394
27,158.069
27,132.530
27,110.140
27,91.040
27,75.152
27,62.205
27,51.782
27,43.385
27,36.509
27,30.695
0,25.583
0,20.930
0,16.615
0,12.616
0,8.984
0,5.803
0,3.157
0,1.105
0,-0.338
0,-1.205
0,-1.574
0,-1.551
0,-1.263
0,-0.831
0,-0.366
0,0.048
0,0.357
0,0.538
0,0.591
0,0.538
0,0.413
0,0.250
0,0.085
0,-0.057
0,-0.158
0,-0.213
0,-0.222
0,-0.195
0,-0.143
0,-0.082
0,-0.021
0,0.030
0,0.064
0,0.081
0,0.082
0,0.069
0,0.049
0,0.026
0,0.004
0,-0.014
0,-0.025
0,-0.030
0,-0.028
0,-0.023
0,-0.014
0,-0.005
0,0.002
0,0.007
0,0.009
0,0.009
0,0.006
0,0.002
0,-0.003
0,-0.006
0,-0.007
0,-0.006
0,-0.002
0,0.004
0,0.011
0,0.017
0,0.021
0,0.022
0,0.018
0,0.008
0,-0.006
0,-0.023
0,-0.041
0,-0.055
0,-0.063
0,-0.060
0,-0.044
0,-0.014
0,0.027
0,0.074
0,0.121
0,0.157
0,0.172
0,0.157
0,0.107
0,0.022
0,-0.092
0,-0.222
0,-0.344
0,-0.433
0,-0.463
0,-0.410
0,-0.260
0,-0.015
0,0.302
0,0.651
0,0.972
0,1.193
0,1.241
0,1.058
0,0.614
0,-0.078
0,-0.952
0,-1.888
0,-2.717
0,-3.244
0,-3.279
0,-2.671
0,-1.360
0,0.596
0,2.990
0,5.466
0,7.548
0,8.693
0,8.386
0,6.251
0,2.164
0,-3.634
0,-10.466
0,-17.209
0,-22.343
0,-24.091
0,-20.624
0,-10.314
0,8.000
28,34.783
28,69.653
28,111.359
28,157.886
28,206.700
28,255.071
28,300.437
28,340.711
28,374.510
28,401.249
28,421.114
28,434.932
28,443.980
28,449.767
28,453.828
28,457.559
28,462.095
28,468.243
28,476.471
28,486.921
28,499.455
28,513.717
28,529.197
28,545.303
28,561.424
28,576.981
28,591.482
28,604.548
28,615.939
28,625.551
28,633.414
28,639.662
28,644.505
28,648.192
28,650.973
28,653.064
28,654.625
28,655.742
28,656.427
28,656.628
28,656.240
28,655.135
28,653.181
28,650.269
28,646.324
28,641.325
28,635.301
28,628.335
28,620.549
28,612.099
28,603.153
28,593.877
28,584.426
28,574.924
28,565.469
28,556.122
28,546.914
28,537.853
28,528.930
28,520.131
28,511.448
28,502.881
28,494.444
28,486.165
28,478.085
28,470.253
28,462.718
28,455.529
28,448.726
28,442.341
28,436.396
28,430.898
28,425.851
28,421.248
28,417.082
28,413.346
28,410.035
28,407.152
28,404.703
28,402.698
28,401.147
28,400.060
28,399.437
28,399.274
28,399.555
28,400.261
28,401.363
28,402.832
28,404.634
28,406.737
28,409.113
28,411.732
28,414.572
28,417.616
28,420.852
28,424.278
28,427.905
28,431.753
28,435.850
28,440.235
28,444.947
28,450.023
28,455.493
28,461.369
28,467.644
28,474.289
28,481.254
28,488.471
28,495.859
28,503.335
28,510.819
28,518.243
28,525.556
28,532.730
28,539.757
28,546.650
28,553.441
28,560.169
28,566.877
28,573.605
28,580.378
28,587.206
28,594.078
28,600.962
28,607.807
28,614.546
28,621.104
28,627.400
28,633.352
28,638.883
28,643.924
28,648.414
28,652.301
28,655.541
28,658.097
28,659.934
28,661.018
28,661.313
28,660.782
28,659.388
28,657.095
28,653.876
28,649.715
28,644.607
28,638.562
28,631.603
28,623.757
28,615.053
28,605.516
28,595.151
28,583.945
28,571.855
28,558.805
28,544.684
28,529.350
28,512.639
28,494.377
28,474.400
28,452.584
28,428.866
28,403.281
28,375.980
28,347.245
28,317.496
28,287.271
28,257.192
28,227.920
28,200.094
28,174.267
28,150.853
28,130.087
28,112.007
28,96.470
28,83.183
28,71.756
28,61.771
28,52.836
28,44.637
28,36.971
0,29.754
0,23.009
0,16.835
0,11.374
0,6.761
0,3.096
0,0.415
0,-1.317
0,-2.207
0,-2.414
0,-2.128
0,-1.545
0,-0.846
0,-0.176
0,0.363
0,0.717
0,0.873
0,0.854
0,0.703
0,0.475
0,0.223
0,-0.008
0,-0.187
0,-0.297
0,-0.336
0,-0.315
0,-0.250
0,-0.160
0,-0.066
0,0.017
0,0.080
0,0.116
0,0.127
0,0.115
0,0.089
0,0.055
0,0.019
0,-0.011
0,-0.033
0,-0.045
0,-0.048
0,-0.043
0,-0.032
0,-0.018
0,-0.005
0,0.007
0,0.015
0,0.020
0,0.021
0,0.018
0,0.013
0,0.006
0,-0.001
0,-0.007
0,-0.012
0,-0.015
0,-0.016
0,-0.013
0,-0.009
0,-0.002
0,0.007
0,0.015
0,0.022
0,0.027
0,0.027
0,0.023
0,0.012
0,-0.003
0,-0.022
0,-0.041
0,-0.058
0,-0.068
0,-0.067
0,-0.053
0,-0.025
0,0.017
0,0.067
0,0.118
0,0.160
0,0.183
0,0.176
0,0.133
0,0.050
0,-0.065
0,-0.201
0,-0.337
0,-0.445
0,-0.495
0,-0.463
0,-0.329
0,-0.093
0,0.231
0,0.601
0,0.959
0,1.230
0,1.337
0,1.209
0,0.807
0,0.130
0,-0.766
0,-1.766
0,-2.702
0,-3.370
0,-3.560
0,-3.097
0,-1.887
0,0.045
0,2.518
0,5.193
0,7.587
0,9.129
0,9.250
0,7.495
0,3.648
0,-2.146
0,-9.292
0,-16.714
0,-22.894
0,-25.994
0,-24.058
0,-15.273
0,1.746
0,27.701
29,62.430
29,104.849
29,153.035
29,204.462
29,256.335
29,305.974
29,351.159
29,390.386
29,422.990
29,449.118
29,469.586
29,485.654
29,498.774
29,510.343
29,521.522
29,533.118
29,545.546
29,558.858
29,572.825
29,587.032
29,600.983
29,614.187
29,626.225
29,636.787
29,645.689
29,652.877
29,658.406
29,662.417
29,665.102
29,666.672
29,667.327
29,667.223
29,666.462
29,665.082
29,663.064
29,660.347
29,656.851
29,652.493
29,647.213
29,640.985
29,633.826
29,625.791
29,616.972
29,607.483
29,597.455
29,587.021
29,576.311
29,565.447
29,554.541
29,543.691
29,532.988
29,522.511
29,512.328
29,502.496
29,493.062
29,484.058
29,475.506
29,467.412
29,459.771
29,452.569
29,445.780
29,439.376
29,433.326
29,427.602
29,422.186
29,417.066
29,412.246
29,407.741
29,403.577
29,399.790
29,396.418
29,393.500
29,391.073
29,389.169
29,387.812
29,387.023
29,386.813
29,387.191
29,388.158
29,389.711
29,391.843
29,394.545
29,397.805
29,401.612
29,405.958
29,410.838
29,416.254
29,422.213
29,428.730
29,435.823
29,443.509
29,451.800
29,460.692
29,470.162
29,480.160
29,490.607
29,501.398
29,512.408
29,523.498
29,534.530
29,545.375
29,555.925
29,566.092
29,575.818
29,585.069
29,593.834
29,602.117
29,609.936
29,617.312
29,624.266
29,630.816
29,636.968
29,642.720
29,648.058
29,652.957
29,657.384
29,661.297
29,664.651
29,667.396
29,669.481
29,670.852
29,671.457
29,671.243
29,670.162
29,668.173
29,665.244
29,661.354
29,656.498
29,650.688
29,643.951
29,636.335
29,627.904
29,618.741
29,608.942
29,598.612
29,587.852
29,576.752
29,565.369
29,553.712
29,541.727
29,529.285
29,516.179
29,502.133
29,486.822
29,469.903
29,451.058
29,430.042
29,406.727
29,381.143
29,353.502
29,324.199
29,293.798
29,262.987
29,232.521
29,203.151
29,175.551
29,150.256
29,127.617
29,107.782
29,90.699
29,76.151
29,63.807
29,53.274
29,44.169
29,36.159
0,29.000
0,22.549
0,16.759
0,11.655
0,7.300
0,3.759
0,1.071
0,-0.776
0,-1.847
0,-2.259
0,-2.163
0,-1.729
0,-1.121
0,-0.483
0,0.076
0,0.488
0,0.724
0,0.790
0,0.714
0,0.543
0,0.324
0,0.104
0,-0.083
0,-0.215
0,-0.285
0,-0.295
0,-0.257
0,-0.188
0,-0.105
0,-0.024
0,0.042
0,0.087
0,0.109
0,0.109
0,0.093
0,0.065
0,0.034
0,0.005
0,-0.019
0,-0.034
0,-0.041
0,-0.040
0,-0.033
0,-0.023
0,-0.011
0,-0.001
0,0.007
0,0.012
0,0.014
0,0.014
0,0.011
0,0.008
0,0.004
0,0.001
0,-0.001
0,-0.002
0,-0.003
0,-0.003
0,-0.003
0,-0.004
0,-0.004
0,-0.005
0,-0.005
0,-0.005
0,-0.005
0,-0.003
0,0.000
0,0.004
0,0.009
0,0.014
0,0.017
0,0.019
0,0.017
0,0.011
0,0.001
0,-0.012
0,-0.026
0,-0.040
0,-0.049
0,-0.052
0,-0.046
0,-0.028
0,0.000
0,0.037
0,0.076
0,0.112
0,0.136
0,0.141
0,0.118
0,0.066
0,-0.014
0,-0.115
0,-0.222
0,-0.315
0,-0.374
0,-0.375
0,-0.302
0,-0.149
0,0.078
0,0.354
0,0.640
0,0.882
0,1.019
0,0.993
0,0.765
0,0.320
0,-0.315
0,-1.070
0,-1.828
0,-2.440
0,-2.743
0,-2.589
0,-1.876
0,-0.586
0,1.188
0,3.231
0,5.207
0,6.697
0,7.250
0,6.473
0,4.118
0,0.183
0,-5.009
0,-10.766
0,-16.036
0,-19.477
0,-19.588
0,-14.903
0,-4.198
0,13.291
30,37.706
30,68.478
30,104.356
30,143.539
30,183.917
30,223.351
30,259.966
30,292.374
30,319.806
30,342.128
30,359.764
30,373.535
30,384.480
30,393.671
30,402.068
30,410.421
30,419.233
30,428.767
30,439.097
30,450.166
30,461.850
30,474.008
30,486.503
30,499.215
30,512.029
30,524.824
30,537.458
30,549.766
30,561.563
30,572.660
30,582.880
30,592.081
30,600.172
30,607.121
30,612.961
30,617.775
30,621.692
30,624.860
30,627.434
30,629.551
30,631.321
30,632.818
30,634.070
30,635.070
30,635.775
30,636.121
30,636.028
30,635.416
30,634.209
30,632.344
30,629.779
30,626.493
30,622.485
30,617.779
30,612.421
30,606.471
30,600.008
30,593.117
30,585.888
30,578.409
30,570.761
30,563.016
30,555.233
30,547.458
30,539.724
30,532.053
30,524.461
30,516.962
30,509.570
30,502.309
30,495.212
30,488.324
30,481.702
30,475.405
30,469.497
30,464.031
30,459.048
30,454.572
30,450.609
30,447.145
30,444.154
30,441.596
30,439.427
30,437.599
30,436.066
30,434.784
30,433.717
30,432.837
30,432.122
30,431.564
30,431.160
30,430.915
30,430.842
30,430.954
30,431.264
30,431.784
30,432.521
30,433.479
30,434.656
30,436.050
30,437.658
30,439.475
30,441.503
30,443.743
30,446.202
30,448.889
30,451.815
30,454.996
30,458.449
30,462.191
30,466.240
30,470.615
30,475.329
30,480.389
30,485.797
30,491.545
30,497.619
30,503.997
30,510.652
30,517.551
30,524.659
30,531.939
30,539.350
30,546.852
30,554.396
30,561.931
30,569.399
30,576.734
30,583.870
30,590.735
30,597.261
30,603.380
30,609.029
30,614.145
30,618.669
30,622.545
30,625.718
30,628.136
30,629.754
30,630.532
30,630.444
30,629.472
30,627.615
30,624.883
30,621.297
30,616.888
30,611.690
30,605.735
30,599.048
30,591.639
30,583.492
30,574.564
30,564.774
30,554.000
30,542.077
30,528.803
30,513.940
30,497.235
30,478.440
30,457.343
30,433.800
30,407.777
30,379.381
30,348.881
30,316.725
30,283.524
30,250.024
30,217.054
30,185.462
30,156.036
30,129.436
30,106.126
30,86.341
30,70.071
30,57.079
30,46.946
30,39.140
30,33.086
0,28.234
0,24.122
0,20.408
0,16.886
0,13.475
0,10.198
0,7.142
0,4.423
0,2.151
0,0.403
0,-0.796
0,-1.470
0,-1.691
0,-1.563
0,-1.207
0,-0.740
0,-0.266
0,0.138
0,0.426
0,0.580
0,0.607
0,0.532
0,0.390
0,0.220
0,0.053
0,-0.085
0,-0.179
0,-0.224
0,-0.225
0,-0.190
0,-0.134
0,-0.070
0,-0.009
0,0.039
0,0.071
0,0.085
0,0.083
0,0.068
0,0.046
0,0.022
0,0.000
0,-0.017
0,-0.028
0,-0.032
0,-0.030
0,-0.024
0,-0.016
0,-0.007
0,0.001
0,0.007
0,0.011
0,0.012
0,0.011
0,0.009
0,0.005
0,0.002
0,-0.001
0,-0.003
0,-0.004
0,-0.004
0,-0.004
0,-0.003
0,-0.002
0,-0.001
0,0.000
0,0.001
0,0.002
0,0.002
0,0.001
0,0.001
0,0.001
0,0.000
0,-0.000
0,-0.000
0,-0.001
0,-0.001
0,-0.001
0,-0.000
0,-0.000
0,-0.000
0,0.000
0,0.000
0,0.000
0,0.000
0,0.000
0,0.000
0,0.000
0,0.000
0,0.000
0,0.000
